0;1.6;1.7;1.3
1;1.6;2.3;1.5
2;1.7;1.8;1.2
3;1.6;2.3;1.9
4;2.2;2.2;1.7
5;2.1;2.0;1.4
6;2.4;1.9;1.1
7;1.9;2.1;1.1
8;2.2;1.8;1.1
9;2.7;1.7;1.1
10;2.7;2.1;1.3
11;1.5;1.4;1.0
12;1.3;1.7;1.1
13;1.4;1.7;1.3
14;1.7;2.3;1.9
15;1.5;2.3;1.2
16;1.8;1.9;1.0
17;1.9;2.0;1.4
18;2.0;2.0;1.1
19;2.0;2.6;1.3
20;1.9;2.0;1.1
21;2.8;2.1;1.5
22;2.0;1.6;1.1
23;2.2;1.8;1.3
24;2.1;1.9;1.3
25;1.7;2.2;1.5
26;1.5;2.5;1.1
27;1.8;2.3;1.4
28;2.0;1.8;1.2
29;1.2;2.1;1.2
30;2.3;1.9;1.5
31;2.4;1.7;1.3
32;2.3;1.8;1.4
33;2.6;2.5;1.8
34;2.6;2.2;1.4
35;1.9;2.3;2.4
36;2.0;1.9;1.2
37;2.3;2.4;1.3
38;1.9;2.3;1.4
39;2.0;2.3;3.4
40;1.5;2.5;3.7
41;1.3;2.3;1.9
42;1.4;2.1;2.3
43;1.9;2.6;2.5
44;1.7;2.1;2.3
45;1.7;2.3;2.0
46;1.8;2.7;2.2
47;1.6;2.2;2.0
48;1.7;2.3;2.0
49;1.3;1.9;2.6
50;1.6;2.4;2.9
51;2.1;2.2;2.8
52;1.3;2.1;2.1
53;1.6;2.0;2.0
54;1.5;2.4;2.4
55;1.4;1.8;1.9
56;1.4;2.1;2.0
57;1.2;2.5;2.2
58;1.5;2.6;2.1
59;1.5;2.6;1.9
60;1.7;2.3;2.2
61;2.7;1.9;1.8
62;1.5;2.7;2.2
63;1.6;2.6;2.8
64;1.6;2.3;2.9
65;1.9;2.5;3.7
66;1.9;2.6;2.2
67;1.4;2.3;2.9
68;1.7;2.7;2.3
69;1.7;2.1;2.7
70;1.6;1.9;2.2
71;1.5;2.2;2.8
72;1.7;2.5;2.1
73;2.2;2.3;2.1
74;1.7;2.6;2.4
75;1.4;2.3;2.1
76;1.3;2.4;2.3
77;1.2;2.2;3.1
78;1.3;2.3;2.6
79;1.1;2.0;2.4
80;1.5;2.5;3.5
81;1.5;2.4;2.1
82;1.5;2.0;2.4
83;1.9;2.3;1.5
84;1.5;2.6;3.0
85;1.4;2.0;2.4
86;1.3;2.1;3.7
87;1.4;2.2;2.7
88;1.2;2.4;2.8
89;1.4;1.9;2.4
90;1.3;2.1;2.1
91;1.4;2.2;1.6
92;1.2;2.3;1.6
93;1.3;2.9;2.8
94;1.6;2.4;2.5
95;1.2;2.2;3.0
96;2.1;3.3;1.9
97;1.5;2.3;2.1
98;1.1;2.4;2.8
99;1.5;2.8;3.6
100;1.4;2.1;2.6
101;1.3;2.3;2.3
102;1.5;2.2;1.7
103;1.7;2.3;1.5
104;1.4;2.0;1.2
105;1.9;1.8;1.1
106;1.9;1.6;1.3
107;1.6;1.6;1.5
108;1.4;2.0;1.1
109;1.6;2.3;1.2
110;1.9;1.7;1.1
111;1.9;2.3;1.4
112;1.6;2.3;1.3
113;2.0;2.0;1.4
114;2.0;2.1;1.5
115;1.7;1.9;1.2
116;1.9;2.1;1.2
117;2.0;2.3;1.2
118;1.8;1.9;1.4
119;1.5;2.3;1.3
120;1.5;1.8;1.3
121;1.7;1.7;1.2
122;2.5;2.3;1.3
123;2.4;2.2;1.3
124;2.3;2.4;1.6
125;2.2;2.4;1.3
126;2.0;2.3;1.3
127;1.4;2.6;1.6
128;2.0;2.1;1.2
129;1.5;1.7;1.1
130;1.7;2.3;1.3
131;2.1;1.9;1.6
132;1.9;2.4;1.3
133;1.5;3.0;1.8
134;1.8;2.1;1.5
135;1.4;2.1;1.3
136;1.7;1.8;1.1
137;2.0;2.1;1.3
138;2.4;2.0;1.4
139;1.8;1.5;1.2
140;2.0;2.6;1.4
141;1.5;1.9;1.3
142;1.7;2.4;1.3
143;2.0;1.9;1.2
144;1.6;2.9;1.1
145;1.4;2.1;1.1
146;1.8;1.9;1.2
147;1.9;2.4;1.1
148;1.7;1.9;1.2
149;2.8;1.8;1.1
150;1.3;2.7;1.4
151;1.9;2.1;1.4
152;1.4;2.3;1.6
153;1.9;2.2;1.1
154;1.6;1.9;1.5
155;2.3;2.1;1.2
156;1.9;2.1;1.3
157;1.9;1.9;1.2
158;1.7;3.2;1.3
159;1.7;1.9;1.2
160;1.7;2.9;1.3
161;1.7;2.3;1.2
162;2.3;2.0;1.1
163;1.7;2.3;1.1
164;1.6;1.8;1.3
165;2.5;2.2;1.1
166;2.7;2.1;1.4
167;2.2;2.3;1.2
168;1.5;3.1;1.3
169;1.4;1.7;1.2
170;1.8;2.0;1.1
171;1.8;2.1;1.4
172;1.6;2.1;1.2
173;2.2;2.3;1.3
174;2.1;2.4;1.3
175;1.9;2.0;1.2
176;1.9;2.4;1.3
177;1.7;1.6;1.7
178;2.8;1.6;1.3
179;2.4;2.0;1.8
180;2.0;2.8;2.2
181;2.7;1.7;2.0
182;2.0;2.1;2.2
183;1.5;1.3;1.1
184;1.1;1.1;1.1
185;2.5;1.4;1.1
186;1.6;1.9;1.2
187;1.4;1.6;1.2
188;2.4;1.8;1.2
189;2.4;1.8;1.2
190;1.7;1.9;1.4
191;1.7;1.4;1.3
192;1.3;1.3;1.1
193;2.8;1.7;1.2
194;2.4;1.9;1.3
195;1.6;1.4;1.2
196;2.1;1.9;1.3
197;3.4;2.0;1.4
198;2.3;1.9;1.2
199;2.2;1.6;1.2
200;1.8;1.5;1.1
201;2.3;1.9;1.1
202;2.1;2.0;1.3
203;2.1;1.7;1.2
204;2.3;1.8;1.2
205;1.9;2.1;1.5
206;1.9;1.9;1.1
207;1.9;1.7;1.2
208;2.3;1.7;1.5
209;1.7;1.5;1.1
210;2.4;1.8;1.5
211;1.9;1.8;1.1
212;2.2;1.7;1.2
213;1.5;1.5;1.2
214;2.0;1.5;1.3
215;2.6;1.8;1.3
216;1.7;1.5;1.3
217;1.9;1.6;1.3
218;2.6;2.1;1.3
219;2.5;1.8;1.3
220;1.5;1.7;1.5
221;1.6;1.9;1.3
222;1.8;1.8;1.7
223;2.1;2.2;1.8
224;2.1;1.7;1.8
225;1.8;1.7;1.6
226;2.6;1.8;1.6
227;2.4;1.9;1.6
228;1.9;2.1;1.5
229;2.5;2.2;1.7
230;1.7;1.9;1.5
231;2.0;1.6;1.3
232;2.0;1.7;1.3
233;1.8;2.0;1.5
234;2.1;2.1;1.4
235;1.9;1.9;1.6
236;1.8;1.6;1.4
237;2.3;1.8;1.6
238;2.1;1.8;1.3
239;1.6;1.5;1.4
240;1.5;1.8;1.4
241;2.0;2.0;1.6
242;1.8;1.9;1.5
243;1.6;1.3;1.2
244;2.0;1.5;1.3
245;2.1;2.0;1.2
246;1.7;1.6;1.3
247;2.6;1.8;1.3
248;1.5;1.4;1.1
249;1.5;2.4;1.5
250;1.4;2.0;1.5
251;1.5;1.7;1.5
252;1.7;2.6;1.3
253;1.3;2.2;2.6
254;1.2;1.7;2.1
255;1.3;2.6;1.6
256;1.2;2.4;1.5
257;1.5;2.0;2.9
258;1.2;2.4;2.2
259;1.6;2.4;2.0
260;1.6;2.6;2.4
261;1.3;2.6;1.9
262;1.3;2.5;1.6
263;1.3;2.2;1.6
264;1.4;2.6;1.3
265;1.4;2.2;2.4
266;1.7;3.0;1.7
267;1.5;3.4;1.9
268;1.4;2.1;1.5
269;1.5;2.0;1.6
270;1.6;2.5;1.6
271;1.9;2.4;1.7
272;1.3;2.8;2.7
273;1.4;2.1;2.2
274;1.7;3.0;2.1
275;1.3;3.3;3.0
276;1.2;2.3;1.4
277;1.4;2.3;1.5
278;1.5;2.8;2.1
279;1.3;2.3;1.9
280;1.5;2.0;2.0
281;1.9;3.2;1.8
282;1.3;2.0;1.8
283;1.9;2.9;1.7
284;1.8;2.4;1.5
285;1.4;2.2;1.8
286;1.8;2.2;1.4
287;1.5;2.9;1.7
288;1.4;3.7;1.6
289;1.7;2.1;2.7
290;1.5;2.3;1.9
291;1.4;2.5;3.2
292;1.7;2.8;2.8
293;1.4;2.1;2.3
294;1.7;2.3;3.3
295;1.6;2.3;2.3
296;1.1;1.3;1.4
297;1.2;1.1;1.4
298;1.0;1.1;1.2
299;1.0;1.2;1.5
300;1.1;1.2;1.4
301;1.0;1.3;1.2
302;1.0;1.0;1.0
303;1.5;2.1;1.3
304;1.6;1.7;1.8
305;1.8;1.8;1.3
306;2.1;1.8;1.8
307;2.1;1.6;1.3
308;1.6;2.2;3.1
309;2.5;2.0;1.5
310;2.3;2.6;1.4
311;1.7;1.8;1.3
312;1.5;2.1;2.8
313;1.7;1.8;1.7
314;2.9;1.8;1.4
315;1.4;2.2;1.3
316;1.7;2.2;1.5
317;2.2;2.2;1.8
318;2.0;2.1;1.6
319;2.8;2.3;1.4
320;1.7;1.9;1.5
321;2.3;2.0;1.8
322;2.0;1.5;1.6
323;1.7;1.7;1.5
324;1.7;2.0;1.8
325;2.0;2.1;1.6
326;1.9;2.2;1.5
327;1.8;2.3;1.5
328;1.8;2.0;1.7
329;1.6;2.1;2.0
330;2.1;2.3;1.4
331;2.8;1.9;1.4
332;2.3;2.1;1.3
333;1.4;1.8;1.3
334;3.1;2.6;1.5
335;1.9;1.8;2.1
336;2.4;2.0;1.5
337;2.3;2.1;1.3
338;1.4;1.7;1.1
339;1.5;1.6;1.1
340;1.1;3.3;1.1
341;1.3;1.6;1.2
342;1.3;3.7;1.5
343;1.5;1.9;1.3
344;1.4;3.9;1.9
345;1.9;2.4;1.1
346;1.5;2.1;2.0
347;1.5;1.9;1.6
348;1.6;1.9;1.1
349;1.5;1.9;1.5
350;1.7;2.3;1.5
351;2.3;2.1;1.5
352;1.7;1.7;1.2
353;2.0;2.4;1.6
354;1.5;3.0;1.1
355;2.4;4.1;1.5
356;1.3;2.3;1.2
357;1.6;2.0;1.7
358;1.4;2.2;1.3
359;1.6;2.7;1.3
360;1.3;2.5;1.2
361;1.5;1.9;1.6
362;1.6;1.9;1.6
363;2.1;2.1;1.3
364;1.6;1.9;1.6
365;1.4;2.7;1.2
366;1.7;2.1;1.5
367;1.4;2.3;1.7
368;1.2;2.1;1.4
369;1.4;2.2;1.5
370;1.4;1.7;1.3
371;1.4;2.4;1.7
372;1.7;2.7;2.4
373;1.7;2.2;1.7
374;1.3;1.7;1.7
375;1.2;1.7;1.3
376;1.8;2.2;1.8
377;1.8;3.1;2.2
378;2.1;2.2;1.7
379;1.6;2.6;1.4
380;2.1;2.6;1.7
381;2.1;2.5;2.1
382;2.4;3.1;2.3
383;2.7;2.1;1.6
384;1.4;2.4;2.7
385;1.8;2.3;1.9
386;1.5;2.1;1.8
387;1.8;2.1;2.0
388;1.7;2.5;2.4
389;1.5;2.5;1.9
390;1.7;2.2;1.6
391;1.3;2.0;1.6
392;1.5;2.6;1.8
393;1.4;2.3;1.5
394;1.9;2.3;2.0
395;1.6;2.1;1.7
396;1.7;1.8;2.4
397;1.1;1.5;1.7
398;1.7;1.9;1.6
399;1.5;1.3;1.3
400;1.3;1.3;1.3
401;1.4;1.8;1.7
402;1.6;2.0;2.3
403;1.1;1.4;1.3
404;1.6;2.0;3.5
405;1.8;1.9;1.6
406;2.3;1.7;1.9
407;1.3;2.6;2.1
408;1.3;2.0;1.6
409;1.7;1.5;1.3
410;2.1;1.9;2.1
411;1.4;1.7;1.9
412;1.2;1.2;1.2
413;1.1;1.7;1.3
414;1.1;1.1;1.1
415;1.0;1.0;1.0
416;1.0;1.0;1.1
417;1.1;1.1;1.0
418;2.4;1.8;1.1
419;2.5;2.0;1.4
420;2.7;1.8;1.3
421;1.5;2.0;1.5
422;1.6;2.2;1.8
423;1.3;2.5;1.3
424;1.4;2.2;1.1
425;1.7;1.8;1.3
426;2.4;3.0;1.3
427;1.4;2.6;1.4
428;1.7;2.6;1.1
429;1.5;2.1;1.2
430;1.5;2.7;1.3
431;1.4;3.4;1.8
432;1.4;2.0;1.2
433;1.5;1.8;1.2
434;1.3;2.2;1.1
435;1.4;2.3;2.3
436;2.0;2.1;1.2
437;1.5;2.4;1.3
438;1.7;2.6;1.1
439;1.7;2.6;1.3
440;1.6;2.2;1.0
441;1.6;2.4;2.2
442;1.5;2.4;1.4
443;1.8;2.3;1.6
444;1.4;2.3;1.2
445;1.3;1.9;2.3
446;1.8;2.7;1.4
447;1.4;3.0;1.1
448;1.8;2.5;1.2
449;1.5;2.3;1.6
450;1.7;2.0;1.7
451;1.3;1.7;1.9
452;1.8;2.0;1.7
453;2.8;2.3;1.7
454;1.3;2.9;1.2
455;2.1;2.4;1.8
456;1.3;1.8;2.3
457;3.1;2.1;1.4
458;1.6;2.5;1.5
459;1.7;1.7;1.7
460;1.9;2.1;1.6
461;2.6;2.2;1.6
462;1.2;2.0;1.7
463;1.4;1.8;1.1
464;1.9;2.3;1.3
465;1.5;2.1;1.5
466;1.3;1.7;1.7
467;1.7;2.5;1.4
468;1.3;1.8;2.3
469;1.6;2.3;1.3
470;1.1;1.3;1.1
471;1.6;1.6;1.3
472;1.1;1.5;1.1
473;1.6;2.2;1.2
474;1.1;1.2;1.2
475;1.5;2.3;1.1
476;1.6;3.0;1.1
477;1.5;2.2;1.1
478;1.5;2.0;1.2
479;1.6;2.2;1.3
480;1.9;3.0;1.2
481;2.1;2.7;1.3
482;1.2;1.8;1.1
483;1.7;1.9;1.3
484;1.5;2.5;1.1
485;1.5;1.7;1.2
486;1.5;2.8;1.5
487;1.3;2.5;1.3
488;1.7;2.5;1.1
489;1.4;2.1;1.2
490;1.9;1.8;1.2
491;2.0;2.6;1.4
492;1.4;2.4;1.5
493;1.6;2.3;1.3
494;1.4;2.0;1.2
495;1.8;2.3;1.1
496;1.4;2.1;2.4
497;1.6;2.2;1.3
498;1.5;2.1;1.2
499;1.8;2.9;1.4
500;1.6;2.3;1.1
501;2.1;2.1;1.3
502;1.5;2.6;1.2
503;1.4;1.7;1.1
504;1.5;2.4;1.3
505;1.4;3.2;1.3
506;1.4;2.2;1.5
507;1.8;2.4;1.4
508;1.3;2.0;1.1
509;1.6;3.3;1.3
510;1.6;2.0;1.1
511;1.7;2.4;1.3
512;1.7;2.5;1.3
513;1.6;2.2;1.4
514;1.6;2.9;1.3
515;2.5;1.8;1.4
516;2.9;2.6;1.1
517;2.1;2.2;1.3
518;2.5;2.3;1.8
519;2.3;1.9;1.2
520;2.2;1.7;1.5
521;1.8;1.5;1.1
522;1.9;1.9;1.2
523;1.7;2.1;1.1
524;2.4;1.7;1.2
525;1.9;1.7;1.3
526;1.6;1.6;1.2
527;1.1;1.8;1.2
528;1.4;1.7;1.1
529;1.4;1.5;1.1
530;1.4;1.4;1.2
531;1.0;1.2;1.0
532;1.4;1.3;1.0
533;1.0;1.2;1.1
534;1.3;1.0;1.1
535;1.3;2.6;1.6
536;1.6;1.7;1.7
537;1.3;1.4;1.7
538;1.2;2.0;1.7
539;1.6;1.5;2.1
540;2.8;1.8;2.2
541;1.2;1.3;1.7
542;1.3;1.9;1.8
543;1.9;1.5;1.7
544;1.6;1.8;1.7
545;1.6;1.3;1.5
546;1.6;1.4;1.4
547;1.7;1.2;1.3
548;1.5;1.5;1.9
549;1.8;1.8;1.9
550;1.4;1.8;1.9
551;1.4;1.6;1.7
552;1.1;3.1;1.5
553;1.4;1.3;1.3
554;1.0;1.2;1.3
555;2.0;1.5;1.3
556;1.0;1.2;1.3
557;1.1;1.5;1.3
558;1.4;1.4;1.3
559;1.1;1.2;1.3
560;1.6;2.2;1.2
561;1.7;2.6;1.2
562;1.7;2.4;1.1
563;1.4;3.4;1.3
564;1.9;2.1;1.2
565;2.6;2.1;1.2
566;1.9;1.9;1.1
567;2.5;2.1;1.2
568;2.2;2.6;1.2
569;2.0;2.3;1.3
570;2.3;2.7;1.2
571;1.6;2.5;1.7
572;2.1;2.2;1.2
573;2.0;2.5;1.2
574;1.6;2.3;1.3
575;1.4;2.3;1.1
576;2.1;2.0;1.3
577;1.5;3.2;1.4
578;2.3;2.3;1.2
579;2.1;2.1;1.1
580;1.5;2.4;1.3
581;1.7;2.5;1.1
582;1.8;3.0;1.1
583;1.4;2.4;1.1
584;1.4;1.9;1.5
585;1.6;1.7;1.5
586;1.6;1.9;1.7
587;2.2;2.1;2.1
588;1.7;2.1;1.5
589;1.8;1.8;1.4
590;1.6;2.1;1.5
591;1.7;2.2;1.7
592;1.4;2.0;1.5
593;1.8;1.7;1.2
594;2.0;2.1;1.7
595;2.1;1.9;1.4
596;1.4;2.0;1.3
597;1.3;2.2;1.5
598;1.8;1.8;1.8
599;1.5;2.0;1.9
600;1.2;1.9;1.4
601;1.5;2.0;1.4
602;1.4;1.7;1.3
603;1.2;1.9;1.3
604;1.7;1.8;1.7
605;1.5;2.3;2.2
606;1.4;2.1;1.8
607;1.5;2.3;1.9
608;1.4;1.9;1.9
609;1.5;2.1;1.3
610;1.4;2.5;1.8
611;1.6;2.2;1.7
612;1.7;1.9;1.4
613;2.1;2.0;2.7
614;1.7;2.1;1.7
615;1.6;2.1;1.7
616;2.0;2.5;1.9
617;1.5;1.7;1.4
618;1.6;1.7;1.9
619;1.5;2.1;1.7
620;2.1;2.1;2.1
621;1.2;2.2;1.7
622;1.4;2.3;1.9
623;1.8;1.9;1.5
624;1.6;2.0;1.4
625;2.2;1.7;1.3
626;1.6;1.8;1.2
627;2.5;1.6;1.8
628;2.0;1.7;2.6
629;2.2;1.8;1.6
630;1.9;1.7;1.1
631;2.9;1.6;1.3
632;2.1;1.8;1.5
633;3.2;1.8;1.5
634;2.1;1.8;1.4
635;1.8;2.1;1.5
636;1.5;1.8;1.9
637;2.8;1.9;1.7
638;1.4;2.1;1.6
639;2.2;1.7;1.4
640;2.9;2.2;1.7
641;2.0;2.0;1.6
642;1.6;1.9;1.5
643;2.5;1.9;1.4
644;2.5;2.0;1.7
645;1.9;2.3;1.9
646;2.2;2.2;1.5
647;2.0;1.9;2.1
648;1.3;1.4;1.1
649;2.1;1.9;1.6
650;1.8;2.2;1.4
651;1.7;1.8;1.3
652;2.2;2.0;1.6
653;2.4;2.0;1.2
654;2.1;2.0;1.8
655;2.1;2.2;1.5
656;2.2;1.7;1.3
657;1.2;1.8;1.7
658;1.4;2.3;1.9
659;1.8;2.1;1.5
660;3.0;1.9;1.6
661;1.3;1.4;1.3
662;1.0;1.0;1.0
663;1.0;1.0;1.0
664;1.0;1.0;1.0
665;1.0;1.0;1.0
666;2.2;1.6;1.7
667;1.8;1.8;1.7
668;2.2;1.7;1.5
669;2.5;1.9;1.3
670;3.2;2.0;1.8
671;2.0;1.7;1.3
672;3.4;1.8;1.4
673;2.4;1.9;1.4
674;1.9;1.9;1.5
675;1.9;1.8;1.4
676;3.3;1.7;1.1
677;2.3;1.7;1.3
678;2.7;1.8;1.3
679;1.9;1.8;2.3
680;2.1;1.7;1.4
681;2.8;1.5;1.1
682;2.8;1.7;1.7
683;1.9;1.8;1.3
684;2.6;1.5;1.4
685;2.9;1.8;1.1
686;1.9;2.5;1.3
687;2.3;1.9;1.5
688;1.7;1.4;1.3
689;2.8;2.1;1.2
690;2.4;2.0;1.3
691;2.0;1.9;1.2
692;2.5;1.9;1.4
693;3.9;1.9;1.6
694;2.1;1.9;1.3
695;3.1;1.9;1.5
696;3.2;1.7;1.0
697;2.1;1.5;1.0
698;1.2;1.2;1.2
699;2.2;1.7;1.4
700;1.4;1.5;1.3
701;1.7;1.8;1.2
702;2.1;1.8;1.2
703;1.5;1.7;1.1
704;2.5;1.6;1.3
705;1.8;1.7;1.8
706;1.9;1.7;1.2
707;1.3;1.8;1.9
708;2.6;1.8;1.4
709;1.6;1.6;1.5
710;1.8;1.6;1.4
711;1.5;1.5;1.2
712;1.7;1.6;1.2
713;1.7;1.4;1.2
714;1.1;1.4;1.1
715;1.5;1.6;3.1
716;1.9;2.4;1.3
717;1.7;1.2;1.1
718;1.6;1.7;1.2
719;2.1;1.4;1.3
720;1.5;1.6;1.3
721;3.1;1.3;1.2
722;1.5;1.5;1.2
723;1.6;1.5;1.3
724;1.9;1.6;1.3
725;1.7;1.5;1.2
726;2.1;1.4;1.2
727;1.6;1.3;1.2
728;1.6;1.6;1.3
729;1.4;1.4;1.1
730;1.6;1.8;1.2
731;1.4;1.6;1.5
732;1.6;1.6;1.2
733;1.6;3.0;1.7
734;2.1;1.6;1.3
735;1.6;2.1;1.9
736;2.1;2.4;1.5
737;2.7;1.7;1.4
738;1.7;2.8;1.2
739;2.5;1.6;1.5
740;2.0;2.3;1.9
741;1.3;2.2;1.5
742;1.7;1.8;1.6
743;1.7;2.4;1.2
744;1.2;1.5;1.3
745;1.4;1.5;1.1
746;1.3;1.3;1.0
747;1.0;1.2;1.1
748;1.1;1.2;1.1
749;1.0;1.1;1.0
750;1.2;1.3;1.1
751;1.4;1.2;1.1
752;1.3;1.2;1.0
753;2.2;2.0;1.3
754;1.6;1.4;1.1
755;1.2;1.3;1.1
756;1.6;1.4;1.1
757;1.1;1.2;1.1
758;1.3;1.2;1.1
759;1.1;1.2;1.0
760;1.2;1.2;1.2
761;1.1;1.4;1.2
762;1.0;1.1;1.1
763;1.4;1.3;1.0
764;1.3;1.2;1.1
765;1.0;1.0;1.0
766;1.0;1.0;1.0
767;1.0;1.1;1.0
768;1.1;1.1;1.1
769;1.1;1.1;1.1
770;1.1;1.2;1.0
771;1.5;1.2;1.1
772;1.0;1.0;1.0
773;1.0;1.0;1.0
774;1.0;1.0;1.0
775;1.0;1.0;1.0
776;1.9;1.8;1.3
777;1.8;1.5;1.9
778;1.3;1.4;1.1
779;1.5;1.7;1.3
780;2.8;1.5;1.8
781;1.9;1.9;1.2
782;1.3;1.6;1.4
783;1.3;1.5;1.3
784;1.7;1.5;1.7
785;1.4;2.0;1.2
786;1.7;1.9;1.2
787;1.5;3.4;2.2
788;2.3;1.5;1.2
789;1.9;1.7;1.6
790;1.4;1.7;1.2
791;1.2;3.4;1.7
792;2.0;1.6;1.1
793;1.3;2.0;2.3
794;1.7;2.2;1.7
795;1.7;1.9;1.4
796;1.6;2.0;1.8
797;1.5;1.7;1.8
798;2.0;1.9;1.1
799;1.5;1.9;1.5
800;2.0;1.8;1.3
801;1.8;1.6;1.2
802;1.5;2.0;1.3
803;1.9;1.9;1.4
804;1.7;1.7;1.4
805;2.0;1.8;1.2
806;1.6;1.6;1.4
807;1.8;1.4;1.1
808;1.6;1.6;1.1
809;3.2;1.8;1.2
810;1.5;1.5;1.1
811;2.3;2.2;1.4
812;1.8;1.9;1.1
813;1.8;1.6;1.4
814;2.0;1.6;1.4
815;2.0;1.5;1.5
816;1.9;1.9;1.3
817;2.5;1.5;1.2
818;2.2;1.8;1.5
819;1.4;1.6;1.1
820;2.3;1.8;1.3
821;1.9;2.1;1.1
822;2.0;2.1;1.3
823;2.3;2.0;1.2
824;2.0;1.5;1.1
825;2.2;1.7;1.3
826;1.4;2.2;1.3
827;1.6;1.8;1.1
828;2.2;2.0;1.4
829;1.8;1.5;1.6
830;2.0;1.6;1.2
831;1.8;1.5;1.2
832;1.6;2.1;1.3
833;1.5;1.7;1.3
834;1.9;1.9;1.2
835;1.9;1.6;1.4
836;2.5;1.7;1.3
837;1.8;1.8;1.2
838;1.8;1.9;1.6
839;1.8;1.8;1.5
840;2.9;2.2;1.6
841;2.6;1.8;1.7
842;1.6;1.6;1.3
843;2.9;1.8;1.4
844;2.7;1.7;1.7
845;1.7;1.9;1.8
846;1.7;1.5;1.3
847;1.8;1.7;1.3
848;1.5;1.8;1.6
849;1.9;1.8;1.6
850;2.2;2.1;1.4
851;2.4;1.9;1.3
852;1.8;2.2;1.8
853;1.3;1.3;1.3
854;1.4;1.5;1.6
855;2.4;2.3;1.7
856;1.7;2.5;2.0
857;2.0;1.7;1.7
858;2.5;2.1;1.4
859;2.0;1.8;1.7
860;2.5;2.0;1.4
861;1.9;1.9;1.6
862;2.1;2.0;1.5
863;2.4;2.7;3.2
864;1.7;2.1;1.2
865;1.5;2.2;1.5
866;1.5;2.2;1.5
867;1.5;2.0;1.4
868;1.7;2.9;1.5
869;1.7;2.4;1.2
870;1.5;2.0;1.3
871;2.0;3.1;1.7
872;1.3;2.0;1.3
873;1.8;3.0;1.3
874;2.1;2.7;1.3
875;2.1;2.5;1.6
876;2.2;2.6;1.2
877;1.8;2.4;1.4
878;1.8;2.3;1.3
879;1.6;2.0;1.1
880;1.7;2.6;1.7
881;1.3;2.3;1.6
882;1.6;2.4;1.5
883;1.4;3.0;1.7
884;1.7;2.6;1.3
885;2.5;2.6;1.2
886;2.1;2.6;1.1
887;1.8;1.7;1.4
888;1.5;1.7;1.3
889;2.0;1.8;1.3
890;1.5;1.5;1.2
891;2.0;1.7;1.2
892;1.9;2.1;1.6
893;1.6;1.9;1.3
894;2.4;2.2;1.3
895;1.4;1.7;1.1
896;1.5;1.7;1.1
897;1.8;2.1;1.4
898;1.5;1.8;1.2
899;1.8;2.0;1.3
900;2.0;1.8;1.1
901;1.9;2.1;1.5
902;2.2;2.4;1.4
903;2.2;1.8;1.3
904;1.8;1.9;1.6
905;2.6;2.2;1.5
906;1.5;1.9;1.3
907;1.4;1.5;1.3
908;2.1;2.3;1.3
909;1.5;1.7;1.2
910;1.8;1.5;1.5
911;2.2;2.0;1.3
912;1.8;1.9;1.1
913;1.3;1.6;1.2
914;2.3;2.2;1.1
915;2.0;1.8;1.5
916;1.7;2.2;1.1
917;1.8;2.0;1.2
918;2.2;1.8;1.6
919;2.2;1.9;1.1
920;2.1;1.8;1.3
921;1.6;2.3;1.7
922;2.5;2.0;1.2
923;2.0;1.8;1.1
924;1.1;1.3;1.4
925;2.3;1.7;1.3
926;1.5;1.8;1.3
927;1.4;2.0;2.4
928;1.9;1.7;1.4
929;2.4;1.7;1.4
930;2.1;1.9;1.6
931;1.3;2.1;1.5
932;1.9;2.3;2.0
933;1.8;2.0;2.0
934;1.9;1.9;1.6
935;1.6;1.6;1.5
936;2.1;1.8;1.8
937;1.8;1.8;2.1
938;1.9;1.7;1.4
939;2.1;1.8;1.5
940;1.7;2.0;1.7
941;1.7;1.5;1.5
942;1.6;1.7;1.4
943;1.7;1.7;1.4
944;2.1;2.1;1.4
945;1.8;2.1;1.7
946;1.6;1.9;1.6
947;1.4;2.1;1.9
948;1.6;1.8;1.6
949;1.5;1.8;1.5
950;1.4;2.0;2.2
951;2.0;1.9;1.6
952;1.8;2.0;1.7
953;1.8;2.1;1.7
954;1.8;1.7;1.7
955;2.0;1.8;1.7
956;1.6;1.8;2.2
957;1.4;1.3;1.5
958;1.3;1.4;1.7
959;1.8;2.0;1.5
960;2.2;1.7;1.2
961;1.8;1.7;1.4
962;3.1;2.0;1.1
963;1.2;2.1;1.4
964;1.7;2.0;1.3
965;1.4;1.8;1.1
966;1.6;1.4;1.3
967;1.4;1.7;1.1
968;1.3;1.5;1.1
969;1.2;1.5;1.3
970;1.4;1.3;1.1
971;1.5;1.3;1.1
972;1.0;1.2;1.1
973;1.3;1.5;1.1
974;1.1;1.2;1.1
975;1.1;1.2;1.0
976;1.2;1.3;1.1
977;1.0;1.2;1.0
978;1.2;1.2;1.1
979;1.1;1.2;1.1
980;1.1;1.1;1.1
981;1.1;1.1;1.1
982;1.0;1.1;1.1
983;1.0;1.0;1.0
984;2.4;1.8;1.2
985;2.8;1.8;1.1
986;2.6;1.6;1.2
987;2.5;1.5;1.3
988;2.5;1.9;1.1
989;2.9;2.0;1.3
990;1.8;1.9;1.1
991;2.7;1.9;1.3
992;2.2;1.8;1.3
993;2.8;1.7;1.3
994;2.6;1.8;1.1
995;1.9;1.6;1.1
996;2.7;2.0;1.2
997;3.0;1.8;1.2
998;3.2;1.5;1.1
999;2.5;1.9;1.1
1000;2.9;1.9;1.3
1001;3.0;1.6;1.1
1002;2.9;1.5;1.1
1003;2.4;2.3;1.5
1004;2.2;1.6;1.1
1005;1.9;1.8;1.3
1006;2.3;1.6;1.1
1007;2.3;2.3;1.5
1008;3.2;1.9;1.1
1009;2.7;1.7;1.1
1010;3.2;1.8;1.3
1011;2.6;2.1;1.6
1012;2.4;1.7;1.1
1013;3.1;2.0;1.3
1014;2.1;1.9;1.1
1015;2.0;1.7;1.1
1016;1.3;1.4;1.1
1017;1.6;1.4;1.2
1018;1.5;1.3;1.1
1019;1.7;1.4;1.1
1020;1.2;1.6;1.1
1021;2.0;1.8;1.4
1022;2.4;1.5;1.5
1023;2.1;1.4;1.1
1024;1.6;1.5;1.1
1025;1.8;1.5;1.2
1026;1.8;1.7;1.2
1027;2.1;1.3;1.0
1028;1.8;1.6;1.3
1029;2.5;1.8;1.3
1030;1.7;1.7;1.1
1031;1.7;1.7;1.1
1032;1.2;1.4;1.4
1033;2.5;1.4;1.1
1034;1.2;1.5;1.5
1035;1.4;1.4;1.2
1036;1.2;1.4;1.4
1037;1.5;1.4;1.1
1038;1.7;1.5;1.2
1039;1.3;1.4;1.1
1040;1.8;1.6;1.2
1041;2.0;1.4;1.3
1042;1.8;1.5;1.2
1043;2.0;1.6;1.2
1044;1.6;1.6;1.3
1045;2.2;1.9;1.8
1046;1.5;1.8;1.1
1047;1.8;1.6;1.1
1048;1.8;1.5;1.2
1049;1.7;1.4;1.2
1050;2.6;1.6;1.1
1051;2.7;1.5;1.1
1052;1.7;1.5;1.1
1053;1.5;1.3;1.1
1054;1.8;1.4;1.1
1055;2.6;1.5;1.1
1056;2.0;1.4;1.6
1057;2.0;1.8;1.2
1058;1.8;1.4;1.1
1059;2.0;1.5;1.1
1060;1.4;1.5;1.2
1061;2.0;1.6;1.1
1062;1.7;1.7;1.1
1063;1.6;1.5;1.2
1064;1.3;1.6;1.1
1065;1.6;1.6;1.1
1066;1.9;1.9;1.2
1067;1.6;1.8;1.2
1068;1.7;1.6;1.3
1069;1.3;1.5;1.3
1070;1.4;1.4;1.1
1071;2.8;1.8;1.2
1072;1.6;1.7;1.1
1073;2.3;1.8;1.1
1074;1.3;1.7;1.1
1075;1.7;1.6;1.1
1076;2.1;1.9;1.1
1077;1.6;1.7;1.1
1078;1.7;2.1;1.4
1079;1.4;1.9;1.1
1080;2.0;1.7;1.2
1081;2.7;1.9;1.5
1082;1.5;2.0;1.1
1083;1.5;1.7;1.2
1084;1.6;1.8;1.2
1085;2.5;1.8;1.3
1086;1.5;1.9;1.3
1087;1.4;1.6;1.3
1088;1.5;1.8;1.1
1089;1.3;1.8;1.1
1090;2.0;1.9;1.1
1091;1.7;2.0;1.3
1092;1.8;1.9;1.2
1093;1.7;1.6;1.1
1094;1.4;1.9;1.3
1095;2.1;1.6;1.2
1096;1.9;1.3;1.0
1097;2.1;1.5;1.1
1098;2.7;1.6;1.1
1099;2.6;1.8;1.1
1100;2.1;1.4;1.1
1101;2.0;1.7;1.3
1102;1.9;1.4;1.2
1103;1.8;1.5;1.2
1104;2.6;1.8;1.2
1105;1.4;1.2;1.3
1106;1.7;1.5;1.2
1107;1.6;1.6;1.1
1108;3.4;1.7;1.3
1109;2.4;1.5;1.0
1110;2.5;1.5;1.5
1111;2.1;1.6;1.3
1112;2.3;1.6;1.0
1113;2.5;1.7;1.2
1114;1.7;1.6;1.3
1115;2.5;2.0;1.4
1116;1.7;1.6;1.2
1117;2.1;2.1;1.2
1118;3.3;1.9;1.1
1119;2.3;1.5;1.3
1120;1.9;1.5;1.1
1121;2.6;1.6;1.3
1122;1.5;1.4;1.1
1123;2.7;1.6;1.2
1124;1.9;1.7;1.2
1125;1.7;1.7;1.2
1126;2.3;2.0;1.3
1127;2.2;2.1;1.5
1128;2.6;1.6;1.3
1129;2.6;2.0;1.3
1130;2.4;1.6;1.2
1131;2.7;1.9;1.3
1132;2.1;1.7;1.1
1133;2.7;2.0;1.1
1134;2.0;2.2;1.3
1135;2.2;1.8;1.2
1136;2.1;1.7;1.2
1137;1.7;1.7;1.1
1138;1.3;1.3;1.2
1139;1.7;1.3;1.0
1140;2.1;1.9;1.3
1141;1.6;1.7;1.1
1142;2.6;1.8;1.3
1143;1.7;1.8;1.0
1144;1.2;1.5;1.2
1145;2.3;1.7;1.1
1146;2.1;1.6;1.0
1147;2.3;1.9;1.3
1148;1.4;1.5;1.1
1149;1.7;1.7;1.1
1150;1.9;1.4;1.1
1151;2.3;1.5;1.1
1152;1.5;2.3;1.2
1153;1.3;1.5;1.1
1154;1.5;2.6;1.1
1155;1.7;1.9;1.2
1156;1.2;1.8;1.3
1157;2.0;1.9;1.2
1158;1.6;1.9;1.1
1159;2.7;2.9;1.2
1160;1.9;2.0;1.1
1161;1.2;1.8;1.1
1162;2.0;3.3;2.0
1163;2.1;2.9;1.3
1164;2.6;2.3;1.2
1165;2.1;2.2;1.1
1166;1.7;2.5;1.2
1167;1.9;2.7;1.3
1168;1.6;2.0;1.4
1169;1.4;2.2;1.2
1170;2.3;3.1;1.1
1171;1.9;2.3;1.2
1172;2.0;2.3;1.1
1173;1.9;2.3;1.2
1174;1.6;2.3;1.1
1175;1.8;2.6;1.1
1176;2.1;1.8;1.2
1177;1.6;2.1;1.2
1178;2.0;2.0;1.4
1179;1.5;2.6;1.3
1180;1.9;1.8;1.1
1181;1.6;2.6;1.3
1182;1.2;1.8;1.2
1183;1.4;1.3;1.3
1184;1.8;1.4;1.2
1185;2.3;1.7;1.3
1186;1.7;1.4;1.1
1187;3.1;1.8;1.2
1188;1.8;1.6;1.1
1189;1.5;1.5;1.2
1190;2.2;1.3;1.0
1191;2.9;1.8;1.2
1192;2.2;1.5;1.3
1193;3.2;1.7;1.1
1194;2.5;1.9;1.2
1195;2.4;1.6;1.2
1196;1.8;1.4;1.2
1197;1.8;1.4;1.1
1198;2.2;1.5;1.1
1199;2.2;1.9;1.2
1200;2.3;1.7;1.3
1201;1.6;1.5;1.1
1202;2.1;1.6;1.2
1203;2.0;1.5;1.2
1204;1.8;1.6;1.2
1205;2.6;1.6;1.2
1206;1.7;1.6;1.1
1207;2.0;1.6;1.4
1208;2.1;1.6;1.2
1209;1.6;1.6;1.1
1210;2.4;1.6;1.1
1211;2.2;1.7;1.1
1212;2.9;1.6;1.1
1213;2.3;1.6;1.1
1214;1.8;1.5;1.1
1215;2.0;1.7;1.3
1216;1.8;1.5;1.2
1217;2.1;1.5;1.1
1218;1.7;1.5;1.2
1219;2.0;1.6;1.2
1220;1.9;1.6;1.1
1221;1.7;1.5;1.1
1222;1.7;1.5;1.1
1223;1.5;1.3;1.1
1224;2.3;1.5;1.0
1225;1.7;1.5;1.1
1226;1.5;1.7;2.0
1227;1.6;1.5;2.4
1228;2.0;2.0;1.4
1229;1.5;1.9;2.0
1230;2.0;1.8;1.6
1231;1.5;1.6;2.4
1232;1.5;1.8;2.6
1233;1.7;1.8;2.3
1234;1.4;1.8;3.2
1235;2.5;2.0;2.3
1236;1.6;2.0;3.1
1237;1.3;1.5;3.0
1238;1.3;1.6;2.7
1239;1.5;1.6;3.2
1240;1.7;1.6;2.3
1241;1.6;1.8;2.8
1242;1.6;1.6;1.6
1243;1.5;1.2;2.7
1244;1.3;1.6;2.4
1245;1.3;1.7;2.7
1246;1.5;1.5;2.0
1247;1.6;1.4;3.2
1248;1.1;1.5;2.4
1249;1.6;1.6;1.8
1250;1.0;1.4;1.5
1251;1.0;1.3;1.5
1252;1.1;1.1;1.2
1253;1.0;1.8;2.1
1254;1.1;1.7;2.4
1255;1.1;1.1;1.3
1256;1.8;1.6;2.5
1257;1.3;1.8;2.6
1258;1.1;1.1;1.1
1259;1.8;1.8;2.3
1260;1.6;1.7;2.2
1261;1.5;1.6;1.9
1262;1.4;1.5;2.2
1263;1.3;1.3;1.7
1264;1.6;1.8;2.1
1265;2.5;1.7;1.2
1266;2.0;2.1;1.1
1267;1.7;1.5;1.2
1268;2.6;1.8;1.2
1269;3.2;2.1;1.5
1270;2.5;1.7;1.2
1271;2.1;1.6;1.2
1272;2.1;1.7;1.2
1273;1.9;1.5;1.2
1274;2.7;1.4;1.1
1275;2.3;1.9;1.2
1276;2.4;1.9;1.3
1277;3.7;1.7;1.2
1278;2.7;1.4;1.1
1279;2.8;1.8;1.1
1280;2.5;1.7;1.1
1281;2.3;1.4;1.2
1282;2.2;1.7;1.2
1283;3.3;1.7;1.1
1284;2.7;1.9;1.3
1285;1.9;1.5;1.3
1286;2.7;1.7;1.1
1287;2.5;1.7;1.2
1288;2.7;2.1;1.1
1289;2.1;1.3;1.2
1290;2.6;1.6;1.2
1291;3.1;1.8;1.2
1292;2.3;1.7;1.1
1293;2.4;1.8;1.2
1294;3.1;1.8;1.1
1295;2.6;2.1;1.3
1296;3.1;1.8;1.1
1297;3.0;1.6;1.1
1298;1.6;1.6;1.2
1299;2.4;1.8;1.2
1300;1.9;2.0;1.0
1301;2.5;1.6;1.5
1302;1.7;2.0;1.4
1303;1.8;1.9;1.4
1304;2.3;1.6;1.5
1305;1.9;1.8;1.2
1306;2.9;1.3;1.1
1307;3.7;1.5;1.2
1308;2.5;1.7;1.3
1309;2.9;1.7;1.2
1310;2.1;1.5;1.1
1311;1.9;1.5;1.1
1312;2.5;1.5;1.1
1313;2.1;1.7;1.1
1314;2.6;1.6;1.1
1315;1.2;1.2;1.1
1316;1.1;1.0;1.0
1317;1.2;1.0;1.0
1318;1.9;1.2;1.2
1319;1.6;1.3;1.1
1320;1.3;1.2;1.0
1321;1.3;1.2;1.1
1322;1.0;1.0;1.0
1323;1.0;1.0;1.0
1324;1.0;1.1;1.0
1325;1.3;1.4;1.1
1326;1.0;1.0;1.0
1327;1.1;1.0;1.0
1328;2.3;2.2;1.4
1329;2.0;1.8;1.3
1330;2.0;2.3;1.1
1331;2.1;2.1;1.3
1332;2.2;2.0;1.3
1333;2.8;2.1;1.3
1334;1.7;1.8;1.3
1335;1.6;2.2;1.5
1336;2.7;2.3;1.4
1337;2.6;2.7;1.4
1338;2.8;2.2;1.1
1339;2.7;2.2;1.3
1340;2.1;2.5;1.3
1341;1.9;1.7;1.2
1342;2.7;1.9;1.1
1343;1.6;1.3;1.1
1344;1.5;1.2;1.2
1345;1.9;1.3;1.4
1346;2.1;1.5;1.3
1347;1.8;1.6;1.1
1348;1.4;1.2;1.1
1349;1.6;1.4;1.2
1350;1.7;1.3;1.2
1351;1.7;1.6;1.6
1352;1.7;1.4;1.1
1353;1.3;1.6;1.1
1354;2.0;1.6;1.1
1355;1.9;1.4;1.3
1356;2.2;1.7;1.1
1357;1.8;1.8;1.1
1358;1.6;1.4;1.1
1359;1.7;1.3;1.2
1360;2.2;1.7;1.2
1361;1.8;1.6;1.4
1362;2.0;1.7;1.2
1363;1.8;1.5;1.1
1364;2.2;1.8;1.2
1365;2.6;1.4;1.2
1366;2.1;1.6;1.2
1367;1.0;1.1;1.1
1368;1.9;1.5;1.1
1369;1.1;1.5;1.1
1370;1.5;1.5;1.1
1371;1.7;1.3;1.3
1372;2.1;1.5;1.1
1373;1.6;1.7;1.0
1374;1.3;1.3;1.1
1375;1.6;1.4;1.1
1376;2.2;1.7;1.1
1377;2.1;1.6;1.1
1378;2.2;1.7;1.1
1379;2.1;1.7;1.2
1380;1.4;1.4;1.1
1381;1.9;1.4;1.2
1382;2.2;1.5;1.2
1383;1.5;1.5;1.4
1384;1.2;1.1;1.7
1385;1.5;1.5;1.4
1386;2.0;1.5;1.5
1387;1.4;1.7;2.3
1388;2.0;2.1;1.8
1389;1.2;1.6;1.9
1390;1.5;1.7;1.3
1391;2.0;1.7;1.3
1392;2.1;1.8;2.2
1393;1.4;1.4;1.9
1394;1.4;1.9;2.1
1395;1.4;1.7;2.0
1396;1.5;1.8;2.2
1397;2.4;2.0;2.4
1398;1.9;1.9;2.0
1399;1.7;1.8;2.3
1400;2.0;1.4;2.6
1401;1.7;1.7;1.6
1402;1.4;1.5;2.5
1403;1.3;1.6;1.4
1404;1.7;1.6;1.5
1405;1.5;1.6;1.5
1406;1.6;1.4;2.3
1407;1.3;1.6;2.4
1408;1.3;1.7;2.5
1409;1.5;2.4;2.2
1410;1.2;1.5;1.2
1411;1.9;1.9;2.3
1412;1.8;1.4;1.9
1413;1.4;1.8;2.8
1414;1.3;1.5;1.8
1415;1.1;1.3;1.9
1416;1.3;1.7;1.1
1417;1.7;2.3;1.1
1418;1.7;2.0;1.2
1419;1.4;1.7;1.0
1420;1.8;3.2;1.3
1421;1.8;2.3;1.3
1422;1.5;2.4;1.0
1423;1.8;2.0;1.3
1424;2.0;2.0;1.2
1425;1.6;2.4;1.3
1426;1.8;2.0;1.2
1427;2.1;2.0;1.3
1428;2.1;2.3;1.2
1429;2.2;2.4;1.3
1430;1.5;1.8;1.0
1431;1.9;2.2;1.3
1432;2.2;2.2;1.1
1433;1.9;2.5;1.1
1434;2.0;2.2;1.2
1435;1.4;1.7;1.2
1436;2.2;2.1;1.2
1437;1.6;2.9;1.5
1438;1.5;2.5;1.0
1439;1.6;1.8;1.2
1440;1.9;2.6;1.5
1441;1.9;2.1;1.1
1442;2.5;2.4;1.2
1443;1.9;2.2;1.4
1444;1.4;1.8;1.1
1445;2.0;2.0;1.1
1446;1.5;1.3;1.1
1447;2.0;2.2;1.2
1448;1.6;2.3;1.2
1449;1.9;2.9;1.1
1450;1.8;2.2;1.1
1451;1.6;2.0;1.3
1452;1.6;2.0;1.3
1453;2.3;2.0;1.3
1454;2.5;1.7;1.2
1455;1.8;1.8;1.5
1456;1.8;2.1;1.2
1457;2.2;1.9;1.2
1458;2.2;1.7;1.2
1459;1.8;1.5;1.1
1460;1.8;1.7;1.1
1461;1.4;1.9;2.0
1462;1.8;1.7;1.6
1463;1.8;2.4;1.1
1464;1.6;1.7;1.3
1465;3.1;2.2;1.1
1466;2.5;1.8;1.3
1467;1.8;2.1;1.2
1468;1.8;1.6;1.3
1469;1.6;1.8;1.1
1470;1.3;1.7;1.3
1471;1.9;2.1;1.2
1472;1.9;1.9;1.1
1473;1.9;1.9;1.2
1474;1.3;1.5;1.1
1475;1.6;1.8;1.7
1476;3.0;1.8;1.2
1477;1.9;1.8;1.2
1478;1.6;1.9;1.5
1479;1.5;1.8;1.4
1480;1.7;1.8;1.3
1481;1.7;1.9;1.1
1482;1.4;1.5;1.2
1483;1.9;2.0;1.0
1484;2.3;1.8;1.1
1485;2.1;1.8;1.3
1486;1.6;1.8;1.1
1487;1.8;2.0;1.1
1488;1.9;2.4;1.6
1489;1.7;1.9;1.3
1490;1.8;1.9;1.2
1491;1.4;1.8;1.2
1492;1.5;2.1;1.3
1493;1.9;3.1;1.3
1494;1.3;2.1;1.5
1495;1.5;2.0;1.3
1496;1.7;2.5;1.3
1497;1.3;1.8;1.2
1498;1.6;1.9;1.4
1499;1.8;2.6;1.2
1500;1.6;2.1;1.3
1501;1.7;2.1;1.2
1502;1.9;1.8;1.3
1503;1.6;2.9;1.3
1504;1.8;2.0;1.4
1505;2.4;2.3;1.3
1506;1.1;1.3;1.1
1507;1.1;1.7;1.1
1508;1.1;1.3;1.1
1509;1.2;1.3;1.1
1510;1.5;1.7;1.3
1511;1.5;1.7;1.2
1512;1.3;1.3;1.2
1513;1.3;1.6;1.3
1514;1.4;1.2;1.1
1515;1.1;1.3;1.0
1516;1.8;2.3;1.1
1517;2.3;2.8;1.4
1518;1.4;2.1;1.2
1519;2.4;2.6;1.1
1520;1.9;2.0;1.1
1521;2.1;2.7;1.2
1522;1.4;2.3;1.3
1523;1.6;2.6;1.1
1524;1.7;2.2;1.1
1525;2.2;2.3;1.1
1526;2.5;2.7;1.1
1527;2.0;2.8;1.2
1528;1.3;2.4;1.1
1529;1.8;2.1;1.1
1530;2.0;2.6;1.2
1531;1.5;2.5;1.3
1532;2.0;2.6;1.0
1533;2.1;2.6;1.1
1534;1.8;3.9;2.2
1535;1.7;3.2;4.6
1536;2.0;3.3;1.6
1537;1.7;3.0;1.8
1538;2.5;3.0;1.3
1539;1.6;2.3;1.2
1540;2.0;2.5;1.1
1541;1.9;2.6;1.1
1542;1.6;2.8;1.2
1543;1.9;2.9;1.4
1544;1.4;2.5;1.3
1545;1.7;2.9;1.3
1546;1.8;1.6;1.1
1547;1.8;1.8;1.3
1548;1.7;1.7;1.1
1549;1.3;1.7;1.1
1550;2.5;1.9;1.1
1551;1.8;1.6;1.2
1552;1.5;1.4;1.1
1553;1.5;1.8;1.2
1554;2.2;1.8;1.1
1555;1.7;1.9;1.2
1556;1.2;1.5;1.1
1557;2.2;1.7;1.4
1558;1.8;1.8;1.3
1559;2.3;1.9;1.3
1560;1.9;1.9;1.2
1561;1.7;2.0;1.2
1562;2.2;1.7;1.2
1563;1.6;2.2;1.2
1564;2.0;1.6;1.3
1565;2.2;1.6;1.5
1566;1.8;2.0;2.3
1567;2.2;1.9;1.2
1568;2.3;2.4;1.5
1569;1.9;1.8;1.1
1570;2.0;1.6;1.1
1571;1.6;1.9;1.3
1572;1.6;1.8;1.1
1573;1.9;2.0;1.2
1574;2.1;2.0;1.2
1575;1.6;1.7;1.3
1576;2.4;2.3;1.1
1577;2.3;2.1;1.3
1578;1.4;1.9;1.2
1579;1.8;1.6;1.1
1580;1.3;1.2;1.0
1581;1.7;1.2;1.2
1582;2.3;1.9;1.2
1583;1.6;2.3;1.2
1584;2.2;1.8;1.4
1585;2.3;1.8;1.1
1586;1.6;1.4;1.1
1587;1.5;1.5;1.1
1588;1.1;1.2;1.1
1589;1.1;1.1;1.0
1590;1.0;1.0;1.0
1591;1.0;1.0;1.0
1592;2.0;1.4;1.1
1593;2.0;2.1;1.4
1594;2.2;1.8;1.1
1595;2.4;1.8;1.1
1596;3.4;1.8;1.4
1597;2.1;1.5;1.1
1598;2.8;1.7;1.2
1599;2.3;1.5;1.2
1600;2.1;1.6;1.3
1601;2.9;1.8;1.3
1602;1.5;1.5;1.3
1603;2.4;1.3;1.1
1604;2.9;1.7;1.2
1605;2.8;1.5;1.1
1606;2.5;1.6;1.2
1607;1.7;1.4;1.2
1608;2.4;2.0;1.2
1609;2.3;1.5;1.1
1610;2.5;1.8;1.3
1611;3.0;1.4;1.2
1612;2.3;1.5;1.2
1613;1.7;1.8;1.3
1614;2.7;1.9;1.3
1615;3.2;1.9;1.3
1616;2.2;1.7;1.2
1617;4.0;1.9;1.3
1618;3.8;1.6;1.3
1619;3.5;1.7;1.2
1620;3.7;1.6;1.1
1621;2.9;1.7;1.2
1622;2.5;1.6;1.4
1623;3.6;1.7;1.2
1624;1.7;1.4;1.2
1625;2.1;1.6;1.2
1626;3.4;1.8;1.5
1627;4.8;1.7;1.4
1628;4.0;1.8;1.2
1629;2.0;1.6;1.2
1630;2.0;1.8;1.3
1631;3.8;1.8;1.3
1632;1.3;1.6;1.1
1633;2.7;2.1;1.2
1634;2.6;1.5;1.3
1635;3.9;1.7;1.3
1636;3.6;1.8;1.5
1637;2.5;1.5;1.1
1638;3.2;1.8;1.4
1639;2.1;1.5;1.1
1640;2.7;1.7;1.1
1641;2.7;1.7;1.2
1642;2.7;1.9;1.3
1643;3.0;1.9;1.5
1644;3.3;1.6;1.4
1645;2.6;1.5;1.2
1646;2.5;1.7;1.5
1647;3.4;1.9;1.1
1648;5.0;1.9;1.1
1649;2.5;1.7;1.2
1650;1.6;1.5;1.2
1651;4.1;2.3;1.3
1652;2.1;1.9;1.1
1653;3.5;1.5;1.1
1654;2.7;1.7;1.1
1655;3.1;1.8;1.1
1656;2.3;1.9;1.3
1657;1.7;1.2;1.2
1658;1.3;1.4;1.2
1659;4.4;1.8;1.5
1660;2.4;1.5;1.2
1661;2.0;1.9;1.8
1662;3.7;1.8;1.3
1663;2.6;2.0;1.1
1664;2.6;2.0;2.2
1665;2.1;1.5;1.1
1666;1.7;1.7;1.0
1667;1.7;1.4;1.1
1668;1.8;1.5;1.1
1669;1.3;1.3;1.0
1670;1.3;1.2;1.1
1671;1.7;1.3;1.1
1672;1.1;1.0;1.0
1673;1.5;1.0;1.1
1674;1.6;1.1;1.0
1675;1.9;1.2;1.1
1676;1.4;1.3;1.0
1677;1.3;1.3;1.0
1678;1.1;1.0;1.0
1679;1.2;1.2;1.0
1680;1.2;1.0;1.0
1681;1.3;1.1;1.0
1682;1.0;1.0;1.0
1683;2.1;1.6;1.7
1684;1.7;1.7;2.0
1685;1.4;1.6;1.4
1686;1.3;1.3;1.4
1687;1.8;1.4;1.5
1688;1.9;1.5;1.4
1689;2.1;1.7;1.8
1690;2.0;2.0;2.1
1691;1.9;1.6;2.0
1692;1.2;1.7;1.6
1693;2.1;1.9;1.8
1694;1.6;1.5;1.9
1695;2.1;1.5;1.5
1696;1.2;1.6;1.6
1697;1.4;1.4;1.3
1698;1.2;1.4;1.4
1699;1.3;1.7;1.2
1700;1.6;1.7;1.9
1701;1.3;1.3;1.3
1702;1.4;1.3;1.5
1703;1.8;1.4;1.4
1704;1.8;1.5;1.3
1705;1.5;1.4;1.5
1706;2.2;1.3;1.3
1707;1.7;1.5;1.5
1708;1.5;1.3;1.1
1709;1.7;1.4;1.4
1710;1.2;1.5;1.4
1711;1.1;1.3;1.2
1712;1.2;1.2;1.2
1713;1.0;1.1;1.1
1714;1.1;1.2;1.3
1715;1.5;2.3;1.5
1716;2.3;2.1;1.4
1717;1.7;3.7;1.3
1718;2.2;2.1;1.6
1719;1.6;2.7;1.1
1720;1.6;2.6;1.2
1721;1.6;2.8;1.1
1722;1.3;2.3;1.3
1723;1.7;3.6;1.3
1724;1.3;2.9;1.3
1725;1.4;2.3;1.3
1726;1.7;2.8;1.2
1727;1.6;2.1;1.2
1728;1.5;2.1;1.3
1729;1.3;2.1;1.2
1730;1.3;1.6;1.1
1731;1.2;1.6;1.0
1732;1.1;1.8;1.1
1733;1.2;1.3;1.0
1734;1.4;2.3;1.1
1735;1.3;2.1;1.1
1736;1.2;1.8;1.1
1737;2.1;2.5;1.5
1738;1.3;2.0;1.2
1739;1.2;1.9;1.1
1740;1.4;1.7;1.1
1741;1.2;1.6;1.1
1742;1.0;1.3;1.1
1743;1.7;2.5;1.3
1744;1.6;1.8;1.2
1745;1.8;1.8;1.2
1746;1.4;1.3;1.2
1747;2.3;1.8;1.1
1748;1.6;1.3;1.2
1749;1.6;1.2;1.1
1750;1.1;1.6;1.1
1751;1.0;1.2;1.0
1752;1.1;1.0;1.1
1753;1.5;1.5;1.2
1754;1.1;1.4;1.0
1755;1.3;1.3;1.1
1756;1.2;1.2;1.1
1757;1.4;1.1;1.1
1758;1.4;1.2;1.0
1759;1.0;1.2;1.0
1760;1.2;1.1;1.0
1761;1.1;1.3;1.1
1762;1.6;1.9;2.2
1763;1.6;1.9;2.0
1764;1.5;2.6;2.2
1765;1.5;3.4;2.1
1766;1.6;2.4;2.7
1767;1.1;1.8;1.8
1768;1.2;2.5;2.3
1769;1.4;2.4;3.3
1770;1.1;2.6;2.5
1771;1.5;1.8;1.6
1772;1.3;2.8;2.4
1773;1.4;3.0;2.9
1774;1.2;2.3;2.5
1775;2.0;1.9;1.9
1776;1.3;1.8;1.6
1777;1.4;2.6;2.4
1778;1.3;2.0;1.6
1779;1.6;2.8;2.4
1780;1.8;2.3;1.4
1781;1.3;3.9;3.1
1782;1.5;2.1;1.5
1783;1.4;2.0;2.2
1784;1.2;3.0;3.4
1785;1.6;2.3;2.5
1786;1.3;2.4;2.6
1787;1.8;2.1;3.7
1788;1.9;2.6;2.2
1789;1.7;2.1;3.0
1790;1.4;3.7;3.0
1791;1.7;2.7;2.6
1792;2.9;2.3;1.5
1793;1.5;2.0;1.6
1794;2.1;1.8;1.7
1795;2.0;2.8;1.3
1796;2.4;1.8;1.4
1797;2.6;2.1;1.4
1798;1.4;1.7;1.1
1799;1.7;1.6;1.2
1800;2.9;2.0;1.2
1801;2.4;2.0;1.2
1802;1.6;1.6;1.2
1803;1.9;1.6;1.1
1804;2.9;1.7;1.2
1805;2.0;1.3;1.1
1806;2.2;1.7;1.2
1807;1.5;2.0;1.2
1808;2.1;1.5;1.2
1809;1.7;1.6;1.1
1810;2.4;1.9;1.2
1811;1.7;1.6;1.1
1812;1.9;1.3;1.1
1813;2.2;1.6;1.2
1814;2.9;1.8;1.3
1815;1.7;1.9;1.2
1816;2.1;1.6;1.2
1817;2.3;1.7;1.3
1818;2.6;1.8;1.4
1819;1.4;1.5;1.1
1820;2.2;1.8;1.3
1821;2.1;1.5;1.5
1822;1.8;1.7;1.3
1823;2.4;1.8;1.3
1824;1.4;1.8;1.7
1825;2.4;2.0;1.3
1826;2.3;1.8;1.3
1827;2.2;2.1;1.7
1828;1.9;2.1;1.5
1829;2.9;2.0;1.6
1830;2.0;1.6;1.5
1831;1.8;1.9;1.5
1832;2.2;1.7;1.3
1833;2.2;1.5;1.1
1834;2.3;2.1;1.1
1835;1.8;1.5;1.5
1836;1.5;1.9;1.3
1837;2.2;1.6;1.5
1838;2.6;2.0;1.4
1839;1.7;1.8;1.3
1840;2.4;1.6;1.5
1841;2.3;2.0;1.3
1842;1.7;1.8;1.6
1843;2.0;1.9;1.5
1844;1.9;1.8;1.7
1845;1.6;1.8;1.4
1846;3.2;2.0;1.5
1847;2.3;1.8;1.3
1848;3.0;1.8;1.2
1849;2.0;1.6;1.4
1850;2.0;1.9;1.7
1851;1.9;1.8;1.2
1852;2.2;2.1;1.6
1853;2.8;1.9;1.3
1854;1.4;1.6;1.2
1855;1.3;1.3;1.3
1856;2.0;2.1;1.6
1857;1.6;1.9;1.2
1858;2.3;1.5;1.1
1859;1.5;1.7;1.1
1860;2.2;1.9;1.2
1861;1.8;1.7;1.1
1862;1.2;1.5;1.1
1863;1.4;1.6;1.3
1864;2.0;2.0;1.2
1865;2.3;1.7;1.2
1866;1.4;1.4;1.1
1867;2.0;1.6;1.1
1868;1.6;1.5;1.3
1869;1.4;1.5;1.1
1870;1.6;3.3;1.2
1871;2.3;1.8;1.3
1872;2.2;1.8;1.3
1873;2.2;1.8;1.1
1874;2.7;1.8;1.2
1875;1.8;2.3;1.2
1876;1.7;1.8;1.1
1877;1.7;1.7;1.1
1878;1.9;1.7;1.2
1879;1.6;2.1;1.2
1880;1.6;2.0;1.7
1881;1.5;1.7;1.1
1882;1.8;2.0;1.1
1883;1.4;2.1;1.2
1884;2.9;2.1;1.4
1885;2.2;2.2;1.4
1886;2.0;2.0;1.3
1887;1.9;2.1;1.4
1888;1.7;2.1;1.1
1889;1.9;1.9;1.3
1890;1.5;2.1;1.2
1891;1.3;1.8;1.4
1892;2.0;1.8;1.2
1893;2.0;1.9;1.1
1894;2.8;1.5;1.2
1895;2.2;1.8;1.2
1896;1.9;2.0;1.3
1897;4.3;1.9;1.2
1898;2.8;1.5;1.3
1899;2.3;1.7;1.2
1900;2.4;1.5;1.3
1901;1.6;1.3;1.1
1902;2.2;1.7;1.2
1903;2.9;1.7;1.1
1904;2.3;1.8;1.4
1905;2.9;1.8;1.3
1906;2.9;1.6;1.2
1907;2.4;1.7;1.3
1908;2.0;1.6;1.2
1909;2.5;1.6;1.4
1910;2.8;1.8;1.3
1911;2.2;1.6;1.1
1912;2.7;2.2;1.3
1913;2.2;1.5;1.1
1914;1.9;1.6;1.1
1915;2.8;1.9;1.1
1916;3.0;1.6;1.2
1917;2.6;1.9;1.1
1918;2.3;1.8;1.3
1919;2.8;1.9;1.1
1920;3.1;2.0;1.1
1921;2.1;1.7;1.1
1922;2.9;1.7;1.3
1923;2.7;1.6;1.2
1924;2.8;1.6;1.2
1925;2.2;1.4;1.1
1926;2.5;1.6;1.2
1927;2.6;1.7;1.2
1928;3.1;1.6;1.3
1929;2.6;1.5;1.2
1930;2.2;1.4;1.1
1931;2.4;1.5;1.2
1932;2.7;1.7;1.2
1933;1.9;1.7;1.1
1934;2.9;1.5;1.5
1935;2.8;1.8;1.4
1936;2.9;1.5;1.1
1937;3.8;1.5;1.2
1938;2.9;1.7;1.2
1939;2.3;1.6;1.2
1940;2.7;1.7;1.2
1941;1.9;1.6;1.1
1942;2.7;2.1;1.1
1943;2.1;2.0;1.3
1944;2.2;1.5;1.2
1945;1.9;1.3;1.1
1946;2.5;1.7;1.2
1947;3.1;1.8;1.3
1948;2.2;1.4;1.3
1949;3.5;1.7;1.1
1950;2.9;1.5;1.2
1951;2.6;1.6;1.1
1952;2.5;1.6;1.3
1953;3.3;1.8;1.2
1954;2.5;1.6;1.2
1955;1.2;1.3;1.2
1956;4.8;2.0;1.3
1957;2.4;1.5;1.2
1958;3.3;1.5;1.1
1959;1.8;1.5;1.1
1960;3.3;1.9;1.2
1961;1.7;1.8;1.5
1962;1.7;2.0;1.6
1963;1.8;2.5;1.5
1964;1.9;2.1;1.7
1965;1.7;1.6;1.4
1966;2.8;2.1;1.4
1967;1.9;2.1;2.7
1968;1.7;2.0;2.0
1969;2.8;2.1;1.6
1970;2.4;1.9;1.7
1971;2.5;1.9;1.5
1972;1.8;2.0;2.6
1973;1.8;2.1;1.7
1974;2.2;2.1;1.9
1975;2.2;1.8;1.7
1976;2.1;2.1;1.6
1977;1.4;1.5;1.4
1978;1.7;1.4;1.7
1979;1.8;1.5;1.6
1980;2.0;3.1;1.1
1981;1.9;3.0;1.3
1982;1.2;1.9;1.3
1983;1.6;3.3;1.3
1984;1.3;2.3;1.3
1985;1.3;3.1;1.5
1986;1.8;4.1;1.2
1987;1.3;2.4;1.3
1988;1.5;2.2;1.1
1989;1.9;3.2;1.5
1990;1.2;2.4;1.2
1991;1.2;2.0;1.3
1992;1.7;2.4;1.1
1993;1.2;2.7;1.1
1994;1.6;1.6;1.1
1995;1.9;3.2;1.3
1996;2.0;3.1;1.6
1997;1.7;3.0;1.4
1998;1.5;2.8;1.1
1999;1.7;2.7;1.1
2000;1.6;2.7;1.1
2001;1.2;2.9;1.3
2002;1.1;2.8;1.2
2003;1.3;2.8;1.2
2004;1.1;1.6;1.3
2005;1.6;2.5;1.1
2006;2.1;2.5;1.1
2007;1.2;4.2;1.6
2008;1.6;2.9;1.1
2009;1.7;3.3;1.5
2010;1.4;2.6;1.1
2011;1.6;2.6;1.6
2012;1.3;2.1;1.2
2013;1.6;3.4;1.4
2014;1.4;3.1;1.3
2015;1.4;3.5;1.4
2016;1.7;3.8;1.7
2017;1.5;2.5;2.4
2018;1.2;2.2;1.7
2019;1.8;3.5;1.8
2020;1.7;3.1;1.6
2021;1.2;2.9;1.2
2022;1.5;2.8;1.9
2023;1.4;3.2;1.4
2024;1.2;3.1;1.4
2025;1.4;3.7;1.6
2026;2.0;3.4;1.7
2027;2.5;3.4;1.7
2028;1.5;3.1;1.9
2029;1.6;3.3;1.5
2030;1.8;3.8;1.7
2031;1.9;3.5;1.9
2032;1.4;1.9;1.7
2033;1.5;3.0;1.7
2034;1.3;3.8;1.5
2035;1.8;3.9;1.4
2036;2.0;3.8;2.3
2037;1.6;2.8;2.8
2038;1.7;3.3;2.1
2039;1.5;3.2;1.7
2040;1.6;3.5;1.6
2041;2.2;3.2;2.8
2042;1.7;2.7;1.5
2043;1.4;2.2;1.3
2044;1.4;3.4;1.6
2045;1.6;3.1;1.2
2046;1.4;4.0;1.3
2047;1.5;2.8;1.4
2048;1.5;2.5;1.5
2049;1.6;3.2;1.2
2050;1.6;2.7;1.2
2051;2.0;3.1;1.3
2052;1.4;3.1;1.4
2053;1.8;2.7;1.2
2054;2.1;2.2;1.3
2055;1.6;2.6;1.5
2056;1.5;3.1;1.2
2057;2.0;1.9;1.2
2058;1.4;3.1;1.3
2059;1.7;2.8;1.2
2060;1.6;4.2;1.8
2061;1.7;3.1;1.2
2062;1.7;2.9;1.2
2063;1.7;2.9;1.2
2064;1.9;2.1;1.2
2065;1.6;3.7;1.2
2066;2.0;3.3;1.2
2067;1.5;2.7;1.3
2068;1.9;2.5;1.4
2069;1.7;2.2;1.1
2070;1.1;2.7;1.3
2071;1.5;2.9;1.4
2072;1.8;2.7;1.4
2073;1.5;2.3;1.2
2074;1.4;3.0;1.4
2075;2.1;3.1;2.0
2076;2.2;2.8;1.5
2077;1.8;4.5;1.1
2078;1.1;2.7;1.3
2079;1.9;3.7;1.4
2080;1.3;3.0;1.2
2081;1.7;3.1;1.3
2082;1.6;3.3;1.7
2083;1.4;3.0;1.9
2084;1.2;2.3;2.4
2085;1.2;3.1;3.7
2086;1.4;3.5;1.9
2087;1.7;3.8;1.3
2088;1.2;3.9;2.4
2089;1.2;3.5;1.8
2090;1.2;3.0;2.8
2091;1.2;2.3;1.4
2092;1.1;2.3;3.0
2093;1.3;3.0;1.4
2094;1.2;3.2;3.1
2095;1.1;2.8;2.8
2096;1.4;3.2;1.3
2097;1.3;3.0;1.5
2098;1.6;3.1;1.7
2099;1.6;3.5;1.8
2100;1.6;3.0;1.3
2101;1.9;3.6;1.4
2102;1.6;3.0;1.2
2103;1.2;3.5;1.1
2104;1.4;3.0;1.1
2105;1.9;3.1;3.0
2106;1.8;3.6;1.5
2107;2.1;3.1;1.3
2108;1.4;3.6;1.4
2109;1.6;4.1;1.3
2110;1.5;3.4;1.4
2111;1.8;2.8;1.1
2112;2.5;3.1;1.4
2113;1.9;3.6;1.1
2114;1.6;4.6;1.3
2115;1.2;2.0;1.1
2116;1.8;3.1;1.1
2117;1.1;1.8;1.1
2118;1.5;3.0;1.4
2119;1.7;2.6;1.1
2120;1.3;2.2;1.2
2121;1.6;3.2;1.7
2122;1.4;3.6;1.8
2123;1.1;2.8;1.3
2124;1.7;3.6;1.7
2125;1.7;3.2;1.5
2126;1.4;2.8;1.3
2127;1.9;3.4;1.5
2128;1.2;3.1;1.1
2129;1.1;2.0;1.1
2130;2.1;2.6;1.7
2131;1.3;2.5;1.1
2132;1.3;2.8;1.1
2133;1.6;3.1;1.1
2134;1.4;2.8;1.2
2135;1.3;3.0;1.3
2136;1.3;3.4;1.3
2137;1.7;2.7;1.6
2138;1.0;1.9;1.2
2139;1.5;1.7;1.1
2140;1.2;1.4;1.0
2141;1.6;3.1;1.3
2142;1.1;1.2;1.0
2143;1.0;2.1;1.1
2144;1.3;1.5;1.5
2145;1.6;2.0;1.5
2146;1.9;1.6;1.3
2147;1.3;2.0;1.7
2148;1.2;1.3;1.1
2149;1.8;1.5;1.3
2150;1.6;1.5;1.1
2151;1.4;1.8;2.4
2152;1.5;1.8;1.2
2153;1.3;1.9;3.2
2154;1.2;2.2;1.5
2155;1.5;2.1;1.2
2156;1.2;1.9;1.1
2157;1.2;1.5;1.0
2158;1.4;1.8;1.2
2159;1.4;2.2;1.6
2160;2.9;2.0;1.2
2161;1.4;1.9;3.6
2162;1.5;1.7;1.4
2163;1.5;1.7;1.5
2164;1.6;3.0;1.3
2165;1.5;1.6;1.3
2166;1.2;2.1;2.2
2167;1.2;1.7;1.1
2168;1.7;2.2;1.3
2169;1.2;2.4;1.5
2170;1.4;1.8;5.0
2171;1.1;2.1;1.7
2172;1.4;1.8;2.0
2173;1.5;1.8;1.2
2174;1.8;2.3;2.7
2175;1.6;2.1;2.3
2176;2.0;1.8;2.4
2177;1.2;2.0;2.4
2178;1.5;2.0;2.5
2179;1.2;2.6;2.9
2180;1.5;2.1;3.7
2181;1.3;2.0;2.1
2182;1.9;2.3;2.1
2183;1.6;1.9;2.0
2184;1.4;2.7;2.6
2185;1.3;2.1;2.7
2186;1.3;2.1;2.9
2187;1.7;2.0;2.4
2188;1.6;2.0;2.6
2189;1.6;2.3;2.0
2190;1.2;2.0;2.8
2191;1.5;1.7;2.1
2192;1.4;2.2;3.7
2193;1.3;2.2;1.9
2194;1.3;2.6;2.6
2195;1.3;2.3;2.7
2196;1.5;2.1;3.2
2197;1.4;2.1;3.1
2198;1.5;2.4;2.5
2199;1.5;2.1;2.4
2200;1.3;2.2;2.3
2201;1.4;2.2;2.2
2202;1.4;2.3;2.6
2203;1.3;4.8;2.2
2204;1.5;2.4;2.7
2205;1.5;1.9;2.4
2206;1.7;2.5;3.4
2207;1.8;2.2;3.3
2208;1.2;1.4;1.2
2209;2.3;2.0;1.3
2210;1.5;1.7;1.4
2211;1.7;2.3;1.5
2212;1.8;2.5;1.4
2213;1.4;1.6;1.3
2214;2.1;1.8;1.1
2215;1.8;1.7;1.3
2216;2.0;2.0;1.4
2217;1.3;1.5;1.1
2218;1.6;1.9;1.2
2219;1.5;1.5;1.1
2220;2.0;2.1;1.3
2221;2.2;2.1;1.4
2222;1.6;1.9;1.1
2223;1.9;2.1;1.3
2224;1.3;1.8;1.1
2225;2.0;1.9;1.3
2226;1.5;1.5;1.1
2227;1.3;2.3;1.4
2228;1.5;2.5;1.3
2229;1.7;1.8;1.4
2230;1.7;2.1;1.3
2231;2.1;2.0;1.2
2232;1.7;2.2;1.3
2233;1.7;1.8;1.3
2234;1.9;2.1;1.3
2235;1.6;2.2;1.2
2236;1.7;2.2;1.4
2237;1.4;2.1;1.3
2238;1.9;2.3;1.3
2239;1.8;2.1;1.3
2240;1.4;1.5;1.1
2241;2.4;1.9;1.3
2242;1.7;1.9;1.5
2243;1.7;2.1;1.5
2244;1.4;2.1;1.6
2245;1.7;2.0;1.5
2246;1.8;2.1;1.9
2247;1.6;2.3;1.7
2248;1.7;2.5;1.5
2249;1.6;2.3;1.5
2250;1.8;2.3;2.0
2251;2.0;2.5;1.9
2252;1.5;2.2;1.5
2253;1.8;1.9;2.1
2254;1.5;2.0;1.3
2255;1.8;2.4;2.2
2256;1.7;2.3;2.4
2257;1.8;1.8;1.1
2258;1.8;2.3;1.6
2259;1.4;1.3;1.0
2260;2.6;2.3;1.3
2261;1.9;1.7;1.1
2262;1.3;1.7;1.1
2263;1.4;1.4;1.1
2264;1.2;2.5;1.2
2265;1.8;1.8;1.2
2266;2.1;2.0;1.2
2267;1.5;1.6;1.2
2268;1.7;1.9;1.1
2269;1.6;1.8;1.3
2270;1.6;2.6;1.5
2271;1.5;1.5;1.2
2272;1.4;1.7;1.2
2273;2.1;2.4;1.3
2274;1.6;1.8;1.3
2275;1.8;2.2;1.1
2276;2.2;2.1;1.3
2277;1.2;1.5;1.8
2278;1.7;1.9;1.4
2279;1.8;2.0;1.2
2280;1.7;2.1;1.0
2281;2.7;2.4;1.3
2282;1.9;2.1;1.3
2283;1.9;2.3;1.2
2284;1.4;3.0;1.2
2285;1.2;1.4;1.1
2286;2.0;1.8;1.1
2287;2.0;2.2;1.3
2288;1.5;1.7;1.5
2289;1.6;1.7;1.3
2290;1.7;1.9;1.3
2291;2.2;2.0;1.2
2292;1.5;1.8;1.2
2293;1.9;2.1;1.2
2294;1.8;2.0;1.2
2295;1.9;2.3;1.3
2296;2.1;2.0;1.1
2297;1.5;1.8;1.2
2298;1.5;1.8;1.3
2299;2.1;1.8;1.2
2300;2.3;2.1;1.3
2301;2.3;2.1;1.2
2302;1.9;1.5;1.2
2303;1.4;1.5;1.2
2304;1.4;1.6;1.2
2305;1.2;1.2;1.1
2306;1.1;1.7;1.0
2307;1.1;1.1;1.0
2308;1.0;1.1;1.0
2309;1.1;1.2;1.1
2310;1.0;1.2;1.0
2311;1.0;1.0;1.0
2312;1.0;1.1;1.0
2313;1.3;1.3;1.1
2314;1.3;1.5;1.2
2315;1.7;1.7;1.1
2316;1.5;2.2;1.5
2317;1.5;2.2;3.9
2318;1.8;1.9;1.5
2319;1.4;2.0;1.5
2320;1.5;2.1;1.2
2321;2.0;1.8;1.3
2322;1.9;1.8;1.1
2323;2.0;2.0;1.3
2324;2.4;3.1;1.4
2325;2.1;2.5;1.4
2326;3.0;1.7;1.2
2327;1.8;2.0;1.3
2328;2.3;2.1;1.3
2329;1.9;1.7;1.1
2330;1.9;1.8;1.1
2331;1.9;1.9;1.2
2332;1.8;1.7;1.2
2333;1.5;1.8;1.4
2334;2.0;1.7;1.2
2335;1.0;1.9;3.4
2336;1.3;2.0;2.1
2337;1.3;2.3;1.7
2338;1.3;2.0;2.6
2339;1.2;2.3;2.4
2340;1.3;2.5;1.8
2341;1.1;1.8;2.9
2342;1.3;1.9;2.8
2343;1.4;2.0;1.8
2344;1.4;1.7;1.7
2345;1.5;2.1;1.7
2346;1.2;2.3;2.1
2347;1.2;1.8;1.7
2348;1.3;2.5;2.4
2349;1.3;2.9;2.6
2350;1.4;2.1;1.5
2351;1.6;2.5;2.7
2352;1.4;2.2;2.2
2353;1.3;2.3;2.6
2354;1.5;2.3;2.9
2355;1.4;2.8;4.5
2356;1.4;2.0;1.9
2357;1.3;1.8;1.8
2358;1.7;2.5;2.2
2359;1.6;2.5;3.1
2360;1.2;2.5;2.1
2361;1.6;2.4;1.9
2362;1.4;2.0;2.1
2363;1.3;2.6;3.2
2364;1.9;2.1;2.1
2365;1.6;2.4;1.9
2366;1.3;2.3;2.2
2367;1.4;1.9;2.0
2368;1.6;3.0;2.8
2369;1.3;2.3;2.2
2370;1.4;2.3;1.6
2371;1.3;1.9;1.4
2372;2.0;2.1;1.4
2373;1.1;1.5;1.8
2374;1.7;2.0;1.7
2375;1.5;1.6;1.4
2376;1.2;1.9;1.5
2377;1.3;2.0;1.6
2378;1.3;1.6;1.1
2379;1.7;2.4;1.1
2380;1.4;1.8;1.2
2381;1.6;1.9;1.3
2382;1.7;2.2;1.4
2383;1.7;2.1;1.6
2384;2.0;2.3;1.3
2385;1.9;2.3;1.5
2386;1.9;1.9;1.7
2387;2.1;2.3;1.9
2388;1.3;2.1;1.2
2389;1.8;3.1;3.4
2390;1.4;2.0;1.4
2391;1.5;1.9;1.3
2392;1.5;2.9;1.4
2393;2.1;2.4;1.6
2394;1.6;2.5;1.5
2395;2.1;2.0;1.6
2396;1.2;1.8;3.3
2397;1.8;2.9;1.2
2398;1.6;2.1;1.3
2399;1.3;1.4;1.1
2400;1.2;1.4;1.0
2401;1.4;2.1;1.1
2402;1.4;1.7;1.5
2403;1.7;2.6;1.4
2404;1.3;2.6;1.2
2405;1.7;2.7;1.4
2406;1.4;3.3;3.4
2407;1.4;2.5;1.3
2408;1.8;2.0;1.2
2409;1.7;2.1;1.9
2410;2.4;2.5;1.8
2411;2.0;3.2;1.4
2412;1.4;3.1;1.9
2413;1.3;3.5;2.8
2414;1.5;2.1;1.3
2415;2.4;2.2;1.3
2416;1.7;3.0;1.7
2417;1.7;1.6;1.2
2418;1.5;2.5;1.8
2419;1.7;1.8;1.2
2420;1.6;3.1;1.5
2421;1.4;2.6;1.3
2422;1.6;2.2;2.0
2423;1.7;3.5;1.4
2424;1.6;1.9;2.1
2425;1.2;1.7;1.1
2426;2.2;2.1;1.3
2427;1.2;1.4;1.2
2428;1.5;1.6;1.2
2429;1.5;1.5;1.4
2430;1.2;1.4;1.1
2431;1.0;1.0;1.0
2432;2.2;1.5;1.3
2433;2.9;1.8;1.3
2434;2.9;1.7;1.3
2435;3.4;1.5;1.3
2436;3.1;1.8;1.3
2437;2.8;1.6;1.1
2438;2.1;1.8;1.2
2439;2.9;1.5;1.3
2440;3.4;2.1;1.3
2441;3.0;1.7;1.1
2442;2.1;2.0;1.2
2443;2.0;1.7;1.2
2444;2.4;1.9;1.4
2445;2.5;2.0;1.5
2446;3.1;1.7;1.2
2447;3.8;2.1;1.8
2448;2.2;1.8;1.2
2449;2.9;1.7;1.4
2450;2.2;1.7;1.2
2451;2.9;2.5;2.0
2452;2.5;2.2;1.4
2453;3.4;1.9;1.4
2454;3.5;2.1;1.7
2455;4.2;1.8;1.4
2456;3.6;2.2;1.5
2457;2.2;1.9;1.4
2458;3.7;2.6;1.8
2459;1.2;1.3;1.1
2460;2.3;2.0;1.3
2461;2.4;1.2;1.1
2462;2.5;1.7;1.3
2463;2.4;1.8;1.3
2464;3.0;2.1;1.4
2465;4.3;2.3;1.3
2466;1.9;1.6;1.2
2467;1.8;1.6;1.2
2468;3.3;1.9;1.4
2469;3.8;1.7;1.4
2470;2.6;1.7;1.2
2471;2.5;1.8;1.5
2472;3.1;1.9;1.3
2473;2.6;1.8;1.5
2474;2.8;1.6;1.2
2475;2.8;2.3;1.2
2476;2.6;2.1;2.1
2477;4.0;2.0;1.7
2478;3.2;1.9;1.3
2479;2.5;1.9;1.5
2480;2.1;1.6;1.3
2481;2.6;1.8;1.3
2482;2.3;2.1;1.3
2483;3.4;1.9;1.2
2484;3.1;1.6;1.2
2485;1.5;1.4;1.3
2486;2.9;1.8;1.3
2487;3.2;1.9;1.3
2488;3.3;1.8;1.7
2489;1.4;3.6;3.9
2490;1.2;2.6;3.0
2491;1.2;3.3;1.8
2492;2.0;2.9;1.8
2493;1.3;2.5;1.8
2494;1.4;3.2;1.9
2495;1.1;3.7;2.6
2496;1.3;2.6;1.3
2497;1.8;3.7;1.9
2498;1.1;4.5;1.5
2499;1.6;3.1;1.7
2500;1.3;2.7;3.0
2501;1.8;2.9;1.9
2502;1.3;2.9;1.6
2503;1.5;2.7;1.8
2504;1.2;2.6;1.6
2505;1.1;2.6;3.7
2506;2.1;2.7;1.4
2507;1.2;3.4;1.6
2508;1.1;2.1;1.4
2509;1.7;4.2;1.7
2510;1.6;3.7;1.7
2511;1.2;4.2;2.3
2512;1.5;3.5;1.7
2513;1.3;2.9;2.5
2514;1.4;3.0;3.2
2515;1.4;3.0;1.6
2516;1.5;2.7;1.6
2517;1.2;3.5;1.5
2518;1.5;2.6;2.8
2519;1.1;3.3;3.5
2520;1.1;2.8;2.1
2521;1.3;4.2;1.6
2522;1.3;3.5;3.0
2523;1.3;4.0;1.2
2524;1.4;2.6;1.7
2525;1.4;3.0;1.3
2526;1.6;2.7;1.4
2527;1.4;3.1;1.3
2528;1.4;2.6;1.1
2529;1.3;3.6;1.6
2530;1.5;2.8;1.3
2531;1.9;2.8;1.1
2532;2.1;3.1;1.3
2533;1.7;2.9;1.3
2534;1.7;3.5;1.4
2535;1.7;4.6;1.2
2536;1.2;4.5;1.8
2537;1.4;3.1;1.3
2538;1.6;2.6;1.3
2539;2.0;2.8;1.2
2540;1.2;2.5;1.1
2541;1.7;2.6;1.2
2542;1.9;3.0;1.3
2543;1.3;2.8;1.1
2544;1.6;2.7;1.4
2545;2.0;2.6;1.2
2546;1.2;3.3;1.4
2547;1.4;2.8;1.9
2548;1.6;3.2;1.2
2549;1.5;2.8;1.3
2550;2.2;3.4;1.3
2551;1.6;3.0;1.3
2552;1.7;3.3;1.2
2553;1.5;2.5;1.2
2554;2.0;3.4;1.7
2555;2.2;2.6;1.3
2556;1.3;3.3;1.2
2557;2.2;3.4;1.2
2558;2.0;3.5;1.2
2559;2.0;3.3;1.4
2560;1.5;2.4;1.3
2561;1.2;1.6;1.1
2562;2.0;3.1;1.4
2563;2.0;3.3;1.2
2564;2.0;3.6;1.4
2565;1.5;2.6;1.1
2566;1.2;2.9;1.2
2567;1.6;2.7;1.3
2568;1.9;3.0;1.3
2569;1.7;3.3;1.2
2570;1.9;3.5;1.3
2571;1.8;3.1;1.1
2572;1.5;2.9;1.2
2573;1.5;2.3;2.6
2574;1.2;2.0;1.0
2575;1.1;1.5;1.1
2576;1.4;2.6;1.2
2577;1.7;3.1;1.1
2578;1.7;2.6;1.1
2579;1.9;3.1;1.2
2580;2.0;3.7;1.8
2581;1.2;2.9;1.6
2582;1.4;1.9;1.5
2583;2.0;2.6;1.5
2584;1.2;2.5;1.6
2585;1.5;2.5;1.5
2586;1.5;2.4;1.6
2587;1.8;3.5;1.3
2588;1.2;2.3;1.9
2589;1.8;2.9;1.3
2590;1.6;3.2;1.3
2591;2.6;3.6;1.3
2592;2.1;3.4;1.6
2593;1.6;3.7;1.3
2594;1.7;3.0;1.5
2595;2.2;3.2;1.5
2596;1.6;3.0;1.3
2597;2.3;3.2;1.9
2598;1.6;3.3;1.2
2599;2.0;3.6;1.7
2600;1.1;2.2;1.3
2601;1.9;3.0;1.6
2602;1.7;3.1;1.4
2603;1.7;3.1;1.4
2604;1.9;3.2;1.1
2605;2.1;3.1;1.4
2606;1.8;3.5;2.1
2607;2.1;3.1;1.2
2608;1.5;2.8;1.2
2609;1.1;2.2;1.3
2610;1.6;3.1;1.8
2611;1.5;2.1;1.1
2612;1.8;3.4;1.2
2613;1.3;1.8;1.3
2614;1.6;2.2;1.1
2615;1.9;2.8;1.8
2616;1.6;2.2;1.1
2617;2.4;2.8;1.3
2618;1.7;3.2;1.3
2619;2.0;2.7;1.3
2620;2.0;2.7;1.2
2621;2.3;3.1;1.2
2622;2.1;2.4;1.1
2623;1.8;3.2;1.2
2624;2.6;2.6;1.1
2625;1.4;3.1;1.2
2626;1.9;3.1;1.2
2627;1.7;2.9;1.2
2628;1.9;3.1;1.1
2629;1.9;2.8;1.5
2630;1.8;2.8;1.1
2631;1.8;2.9;1.4
2632;2.3;3.0;1.3
2633;3.0;3.4;1.2
2634;2.4;2.8;1.1
2635;2.0;2.7;1.2
2636;1.9;2.8;1.3
2637;1.9;3.3;1.2
2638;2.8;3.0;1.5
2639;1.7;2.9;1.2
2640;2.1;3.1;1.1
2641;3.1;2.9;1.2
2642;2.1;2.5;1.2
2643;2.5;3.9;1.2
2644;2.3;3.5;1.3
2645;2.6;2.7;1.2
2646;2.1;2.8;1.2
2647;2.5;3.4;1.1
2648;1.6;3.0;1.2
2649;1.8;3.1;1.2
2650;3.0;2.8;1.3
2651;2.0;3.4;1.7
2652;3.1;3.3;1.2
2653;1.3;1.6;1.0
2654;2.6;2.3;1.4
2655;1.8;2.5;1.2
2656;1.8;2.2;1.0
2657;2.4;3.1;1.3
2658;1.5;3.2;1.7
2659;1.4;3.2;1.2
2660;1.6;3.4;1.7
2661;1.7;3.5;1.3
2662;1.1;3.7;2.6
2663;1.5;3.0;1.4
2664;1.6;2.3;1.2
2665;1.5;3.0;1.2
2666;1.1;2.5;1.3
2667;1.2;3.5;2.9
2668;1.9;3.3;1.2
2669;1.5;2.6;1.6
2670;1.4;3.4;1.2
2671;1.7;2.5;1.0
2672;1.5;3.0;1.3
2673;1.4;4.0;1.7
2674;1.3;3.9;1.1
2675;1.4;2.9;1.2
2676;1.6;3.2;1.3
2677;1.7;4.3;1.5
2678;1.6;3.1;1.6
2679;1.6;2.3;1.4
2680;1.6;3.5;1.2
2681;1.4;2.5;1.5
2682;1.3;3.2;1.6
2683;1.2;2.6;1.3
2684;1.7;2.9;1.1
2685;1.7;2.9;1.1
2686;1.4;3.3;1.3
2687;1.4;3.1;1.0
2688;1.7;3.3;1.3
2689;1.8;3.4;1.2
2690;2.0;5.0;1.6
2691;1.5;3.0;1.5
2692;1.3;2.7;2.9
2693;1.6;3.4;2.0
2694;1.1;2.6;1.5
2695;1.2;2.9;1.7
2696;1.6;3.8;1.9
2697;1.1;2.7;1.8
2698;1.5;3.1;1.7
2699;1.3;2.9;1.6
2700;1.3;3.0;2.4
2701;1.4;4.1;1.7
2702;1.3;4.1;1.9
2703;1.2;2.9;3.3
2704;1.2;2.8;1.4
2705;1.5;3.4;1.7
2706;1.2;2.6;2.3
2707;1.5;3.7;2.1
2708;1.2;3.0;1.5
2709;1.5;3.3;2.0
2710;1.6;2.7;1.3
2711;1.3;3.6;1.5
2712;1.4;3.3;2.1
2713;1.4;3.6;1.6
2714;1.9;4.3;2.1
2715;1.1;3.6;2.8
2716;1.3;3.2;1.4
2717;1.5;4.4;3.9
2718;1.5;3.0;2.0
2719;1.3;3.4;1.6
2720;1.3;2.7;1.4
2721;1.1;2.5;2.5
2722;1.6;2.7;1.6
2723;1.5;3.1;1.5
2724;1.5;3.9;1.8
2725;1.8;2.9;3.5
2726;1.3;3.5;1.2
2727;1.3;3.0;1.1
2728;1.4;4.5;1.2
2729;1.5;3.0;1.4
2730;1.6;3.0;1.2
2731;1.2;3.8;1.3
2732;1.2;3.4;1.8
2733;1.3;4.1;1.1
2734;2.0;3.9;1.4
2735;1.2;4.1;1.3
2736;1.1;3.5;1.2
2737;1.4;4.5;1.4
2738;1.3;2.9;1.1
2739;1.2;3.6;1.2
2740;1.3;3.3;1.1
2741;1.1;3.6;1.3
2742;1.4;2.9;1.3
2743;1.1;1.9;2.1
2744;1.5;1.8;1.8
2745;1.5;2.3;1.9
2746;1.4;2.0;2.8
2747;1.3;2.4;2.8
2748;1.3;3.1;3.8
2749;1.4;2.3;3.9
2750;1.6;2.4;2.1
2751;1.3;2.2;1.9
2752;1.2;3.1;3.4
2753;1.6;2.0;2.1
2754;1.5;4.0;1.7
2755;1.6;1.5;1.8
2756;1.4;1.9;2.6
2757;1.4;2.1;3.4
2758;1.8;2.3;1.7
2759;1.6;2.3;2.1
2760;1.5;1.8;1.8
2761;1.6;2.3;3.6
2762;1.3;1.8;2.1
2763;2.1;2.7;2.3
2764;1.5;2.3;1.6
2765;1.3;2.1;2.5
2766;1.6;1.7;1.9
2767;1.7;2.7;3.4
2768;1.7;2.4;2.8
2769;1.3;1.4;1.7
2770;1.7;1.8;1.8
2771;1.4;2.5;1.9
2772;1.5;2.3;4.1
2773;1.3;2.9;2.8
2774;1.3;2.3;2.4
2775;1.2;1.9;1.8
2776;1.5;2.0;1.8
2777;1.3;2.1;1.7
2778;1.2;1.9;1.8
2779;1.2;2.1;1.8
2780;1.5;1.8;1.9
2781;1.2;1.7;1.8
2782;1.4;2.0;1.9
2783;1.4;3.2;1.5
2784;1.5;1.9;1.8
2785;1.5;2.1;1.7
2786;1.3;2.2;2.7
2787;1.4;1.7;2.0
2788;1.6;2.1;2.2
2789;2.0;2.0;2.4
2790;1.4;2.1;1.5
2791;1.6;2.3;1.5
2792;1.6;2.2;1.7
2793;1.3;2.5;1.8
2794;1.6;1.8;2.4
2795;1.6;2.0;1.8
2796;1.7;2.3;1.9
2797;1.4;2.3;2.7
2798;1.3;1.9;2.4
2799;1.5;2.4;2.2
2800;1.6;2.2;2.4
2801;1.6;2.3;1.6
2802;1.8;2.1;1.8
2803;1.4;2.3;2.2
2804;1.6;2.6;2.3
2805;1.5;2.0;1.8
2806;1.8;2.2;2.1
2807;1.3;1.7;1.8
2808;1.7;2.4;1.6
2809;1.5;1.7;2.4
2810;1.5;1.8;2.2
2811;1.8;2.4;1.7
2812;1.6;2.2;1.7
2813;1.3;1.9;2.1
2814;1.9;2.4;2.1
2815;2.0;2.4;3.3
2816;1.9;1.7;2.0
2817;2.0;1.5;1.9
2818;1.8;1.5;1.3
2819;2.1;1.9;1.7
2820;1.5;1.5;1.3
2821;1.4;1.9;1.6
2822;1.6;2.1;2.2
2823;2.0;1.7;2.4
2824;2.0;1.7;1.5
2825;1.6;1.8;1.5
2826;1.6;1.6;2.0
2827;1.5;1.9;2.5
2828;1.7;1.4;1.9
2829;2.1;1.9;1.5
2830;1.6;2.1;1.5
2831;1.7;2.1;1.5
2832;2.3;1.9;2.1
2833;2.0;1.6;1.7
2834;2.2;2.1;1.7
2835;2.1;2.1;2.5
2836;2.6;1.8;1.8
2837;2.1;1.6;1.4
2838;1.5;1.5;1.4
2839;2.4;2.0;1.9
2840;1.5;1.5;1.8
2841;1.6;2.1;2.2
2842;1.8;1.7;1.5
2843;2.2;1.8;1.3
2844;2.0;1.8;3.8
2845;1.3;1.5;2.9
2846;2.5;1.8;1.3
2847;1.9;1.9;1.8
2848;1.6;1.6;1.7
2849;2.5;2.3;1.6
2850;1.7;1.8;2.1
2851;1.7;2.1;2.8
2852;1.6;1.8;2.4
2853;1.5;1.9;2.1
2854;2.0;1.6;1.5
2855;2.1;1.8;1.8
2856;1.4;1.9;3.5
2857;1.5;2.4;2.2
2858;1.8;2.4;1.7
2859;1.6;2.3;2.3
2860;1.3;2.3;1.5
2861;1.5;2.2;2.5
2862;1.3;1.8;1.9
2863;1.2;2.1;1.8
2864;1.8;2.3;1.9
2865;1.8;2.2;1.7
2866;2.3;2.6;1.8
2867;1.4;2.0;3.0
2868;1.8;2.0;2.0
2869;1.4;2.0;3.3
2870;1.6;2.9;2.2
2871;1.4;2.1;1.9
2872;1.3;2.9;1.8
2873;1.7;2.3;2.2
2874;1.7;2.0;1.6
2875;1.5;2.1;2.1
2876;1.7;2.2;1.9
2877;1.9;2.6;1.6
2878;1.5;2.1;1.8
2879;1.9;2.2;1.7
2880;1.8;2.4;2.4
2881;1.7;2.6;1.7
2882;1.5;2.6;1.6
2883;1.4;1.8;2.0
2884;1.5;2.4;1.5
2885;1.5;2.2;3.1
2886;1.8;2.3;1.9
2887;1.4;2.1;1.7
2888;1.6;1.9;2.7
2889;1.6;3.0;1.5
2890;1.8;2.4;1.4
2891;1.7;1.9;1.5
2892;1.1;1.7;1.7
2893;1.6;2.2;1.9
2894;1.7;1.9;1.7
2895;1.9;2.0;1.5
2896;2.5;2.0;1.9
2897;1.7;1.7;1.7
2898;2.1;1.8;1.6
2899;2.0;2.0;1.8
2900;1.9;1.7;2.3
2901;1.6;1.8;1.9
2902;2.2;2.1;1.8
2903;1.9;1.8;1.7
2904;1.2;1.9;1.7
2905;2.4;1.7;1.6
2906;1.8;1.8;1.6
2907;2.0;2.0;2.1
2908;1.6;1.8;1.5
2909;1.7;1.7;1.4
2910;2.0;1.6;1.6
2911;1.8;1.7;1.5
2912;1.7;1.9;1.9
2913;2.2;1.7;1.5
2914;1.2;1.8;1.7
2915;2.5;2.0;4.5
2916;1.9;1.7;1.9
2917;1.3;1.7;1.5
2918;2.1;1.9;2.0
2919;1.8;1.8;1.5
2920;2.1;2.6;2.2
2921;1.5;1.7;2.3
2922;1.5;1.8;1.6
2923;2.0;2.0;2.1
2924;1.9;1.9;2.2
2925;2.2;2.2;2.2
2926;1.4;1.5;1.5
2927;1.6;2.2;1.6
2928;2.3;2.1;1.1
2929;2.0;2.5;1.6
2930;1.4;2.3;1.3
2931;1.9;2.4;1.2
2932;1.7;1.8;1.1
2933;1.4;1.3;1.2
2934;1.9;2.2;1.1
2935;1.1;1.3;1.0
2936;1.3;1.1;1.1
2937;1.2;1.7;1.2
2938;1.2;1.3;1.0
2939;1.0;1.3;1.1
2940;1.2;1.3;1.1
2941;1.8;1.8;1.1
2942;1.1;1.2;1.1
2943;1.0;1.1;1.0
2944;1.0;1.1;1.0
2945;1.0;1.0;1.0
2946;1.5;1.7;1.3
2947;2.1;1.5;1.1
2948;2.3;2.0;1.3
2949;1.7;1.4;1.2
2950;1.8;1.5;1.2
2951;1.4;1.8;1.1
2952;2.4;1.6;1.2
2953;1.8;1.4;1.2
2954;2.6;1.8;1.2
2955;1.6;1.4;1.2
2956;1.8;1.7;1.1
2957;1.5;1.6;1.1
2958;1.9;1.8;1.2
2959;1.8;1.8;1.2
2960;2.2;1.8;1.1
2961;2.5;2.0;1.2
2962;1.7;1.7;1.1
2963;1.7;1.6;1.1
2964;1.7;1.6;1.2
2965;1.7;1.8;1.2
2966;1.7;1.5;1.0
2967;2.6;1.8;1.3
2968;1.6;1.7;1.3
2969;1.8;2.0;1.2
2970;2.8;2.1;1.7
2971;2.1;1.7;1.2
2972;1.9;1.8;1.2
2973;1.9;1.7;1.1
2974;2.4;2.2;1.3
2975;1.9;1.7;1.3
2976;1.8;1.8;1.3
2977;2.0;1.7;1.3
2978;2.0;2.5;1.2
2979;1.5;1.7;1.2
2980;1.7;2.1;1.4
2981;1.5;2.1;1.2
2982;2.1;2.1;1.3
2983;1.5;2.2;1.3
2984;1.4;2.0;1.2
2985;1.3;2.3;1.3
2986;1.9;2.6;1.3
2987;1.2;1.9;1.3
2988;1.8;2.2;1.4
2989;1.7;2.6;1.4
2990;1.7;1.9;1.2
2991;1.7;2.2;1.3
2992;1.5;2.6;2.0
2993;1.4;1.8;1.1
2994;1.4;2.3;1.1
2995;1.7;2.1;1.2
2996;1.8;2.7;1.3
2997;1.4;2.2;1.3
2998;1.3;1.8;1.2
2999;1.8;1.9;1.5
3000;1.7;2.2;1.3
3001;2.1;1.8;1.2
3002;1.8;2.4;1.2
3003;1.8;1.9;1.2
3004;1.5;1.8;1.4
3005;1.8;1.7;1.4
3006;1.2;1.6;1.2
3007;2.2;2.4;1.3
3008;1.7;1.8;1.2
3009;2.0;2.1;1.5
3010;1.4;1.9;1.3
3011;1.2;1.6;1.2
3012;1.5;1.9;1.2
3013;2.3;1.8;1.3
3014;1.7;2.0;1.2
3015;1.8;2.3;1.2
3016;2.0;1.5;1.5
3017;1.5;2.1;1.1
3018;1.6;1.6;1.3
3019;1.8;1.6;1.1
3020;1.3;1.4;1.2
3021;1.6;1.8;1.1
3022;1.6;2.6;1.3
3023;1.6;1.9;1.2
3024;1.6;1.7;1.4
3025;1.6;2.1;1.6
3026;1.9;1.9;1.1
3027;2.0;1.7;1.1
3028;2.0;1.8;1.3
3029;1.9;2.4;1.3
3030;1.5;1.6;1.2
3031;1.9;1.4;1.0
3032;2.0;2.0;1.4
3033;1.5;1.7;1.3
3034;1.5;2.5;1.5
3035;2.3;1.9;1.2
3036;1.6;1.8;1.2
3037;1.5;1.7;1.4
3038;1.9;2.0;1.3
3039;1.7;1.7;1.2
3040;2.0;2.1;1.4
3041;1.5;1.7;1.2
3042;2.2;1.6;1.2
3043;1.7;1.8;1.5
3044;2.4;1.6;1.4
3045;1.3;1.5;1.7
3046;1.7;1.6;1.1
3047;1.7;1.8;1.2
3048;1.6;1.8;1.2
3049;1.5;1.5;1.2
3050;2.1;1.9;1.4
3051;2.0;2.1;1.4
3052;1.4;2.1;1.5
3053;2.0;2.3;1.4
3054;1.6;1.9;1.3
3055;2.1;1.9;1.4
3056;1.9;1.9;1.3
3057;2.5;1.7;1.3
3058;1.8;1.9;1.3
3059;2.1;2.0;1.3
3060;2.4;1.9;1.4
3061;1.9;2.0;1.1
3062;2.6;1.9;1.2
3063;2.9;2.1;1.3
3064;1.6;1.7;1.2
3065;2.6;2.1;1.3
3066;2.3;1.9;1.5
3067;1.7;1.8;1.2
3068;1.9;2.1;1.2
3069;1.8;1.6;1.2
3070;1.8;1.9;1.5
3071;1.4;1.3;1.0
3072;1.5;1.1;1.1
3073;1.2;1.3;1.1
3074;1.3;1.3;1.0
3075;1.5;1.3;1.2
3076;1.4;1.2;1.0
3077;1.2;1.1;1.0
3078;1.1;1.2;1.0
3079;1.0;1.0;1.1
3080;1.5;1.2;1.1
3081;1.5;1.2;1.1
3082;1.0;1.1;1.0
3083;1.3;2.4;3.4
3084;1.5;2.1;3.0
3085;2.2;2.2;2.1
3086;1.5;2.0;2.5
3087;1.4;2.7;3.6
3088;1.9;2.1;2.5
3089;1.3;2.3;2.4
3090;1.4;2.3;2.4
3091;1.2;1.8;2.3
3092;1.5;2.0;2.0
3093;1.8;1.3;1.5
3094;1.5;2.5;2.4
3095;1.9;2.0;1.9
3096;1.2;1.7;1.7
3097;1.0;1.1;1.1
3098;1.3;1.8;1.1
3099;2.2;1.9;1.2
3100;1.7;1.5;1.2
3101;1.3;1.3;1.1
3102;1.7;1.7;1.1
3103;1.3;1.5;1.2
3104;1.8;1.8;1.0
3105;2.8;1.8;1.3
3106;1.8;2.1;2.0
3107;1.8;1.7;1.5
3108;1.7;1.6;1.1
3109;2.1;1.8;1.5
3110;1.8;1.7;1.3
3111;1.5;1.6;1.0
3112;1.2;2.1;2.3
3113;1.9;1.3;1.1
3114;1.8;2.2;1.5
3115;2.5;1.7;1.9
3116;1.9;1.6;1.2
3117;2.1;1.9;1.0
3118;2.1;1.4;1.1
3119;2.2;2.0;1.2
3120;1.3;1.7;1.3
3121;1.9;1.9;1.1
3122;2.1;1.7;1.1
3123;2.0;1.7;1.2
3124;1.5;1.6;1.2
3125;1.9;1.7;1.1
3126;1.7;1.8;1.1
3127;2.0;1.8;1.2
3128;1.7;1.7;1.2
3129;2.1;2.1;1.5
3130;1.9;1.5;1.1
3131;2.3;2.1;1.4
3132;1.9;1.9;1.4
3133;2.0;1.7;1.4
3134;2.1;1.9;1.3
3135;2.5;1.6;1.4
3136;3.1;1.7;1.2
3137;2.4;1.5;1.4
3138;1.8;1.7;2.1
3139;3.4;1.6;1.1
3140;2.6;1.5;1.3
3141;2.2;1.8;1.9
3142;3.4;1.6;1.2
3143;2.0;1.6;1.1
3144;2.0;1.6;1.3
3145;2.8;1.5;1.1
3146;3.1;1.7;1.7
3147;3.6;2.1;1.4
3148;3.4;2.1;1.6
3149;2.9;1.9;1.3
3150;3.3;1.6;1.5
3151;2.6;1.9;2.4
3152;1.6;1.6;1.3
3153;2.4;2.3;1.4
3154;2.1;1.6;1.1
3155;1.9;1.5;1.5
3156;3.3;2.4;2.8
3157;1.3;1.8;1.2
3158;1.4;1.8;1.3
3159;1.3;2.1;1.7
3160;1.8;2.3;1.5
3161;1.3;1.7;1.7
3162;1.1;1.7;2.0
3163;1.3;1.8;1.7
3164;1.1;2.1;2.1
3165;1.3;1.8;1.7
3166;1.7;1.7;1.7
3167;1.6;2.9;2.0
3168;1.6;1.7;1.6
3169;1.3;2.2;2.2
3170;1.3;2.1;2.1
3171;1.3;2.4;1.7
3172;1.4;1.8;1.7
3173;1.5;2.8;1.5
3174;1.3;2.3;4.4
3175;1.7;2.1;1.6
3176;1.5;2.3;2.1
3177;1.3;2.1;2.0
3178;1.5;2.0;1.9
3179;1.2;2.7;2.0
3180;1.4;2.6;3.6
3181;1.5;2.2;1.3
3182;1.3;1.9;2.1
3183;1.6;2.0;1.5
3184;1.4;1.9;1.3
3185;1.7;2.0;1.7
3186;1.6;2.4;2.2
3187;2.0;3.6;2.2
3188;1.1;3.1;1.5
3189;1.6;2.4;1.8
3190;1.3;2.5;1.8
3191;1.4;2.5;1.9
3192;1.7;1.8;1.7
3193;1.7;1.7;1.7
3194;1.4;2.0;1.7
3195;1.5;1.8;2.4
3196;1.4;2.1;2.4
