0;2.3;2.1;1.5;1.0
1;1.9;1.8;1.2;1.0
2;2.1;1.7;1.2;1.0
3;2.3;2.5;1.3;1.1
4;2.2;1.7;1.1;1.1
5;2.2;1.9;1.4;1.1
6;2.1;1.9;1.4;1.0
7;2.0;2.1;1.3;1.0
8;2.0;1.6;1.2;1.1
9;1.9;1.8;1.8;1.4
10;2.5;1.9;1.4;1.1
11;1.6;1.5;1.2;1.3
12;2.1;1.7;1.2;1.1
13;1.8;1.8;1.2;1.1
14;2.3;2.6;1.4;1.0
15;2.3;1.7;1.1;1.1
16;2.5;1.7;1.3;1.1
17;2.4;1.9;1.3;1.0
18;2.4;1.8;1.1;1.0
19;2.3;2.6;1.4;1.1
20;2.0;1.7;1.2;1.1
21;2.6;2.3;1.5;1.0
22;2.0;1.5;1.2;1.0
23;2.6;1.8;1.3;1.2
24;2.3;1.8;1.1;1.1
25;2.8;2.0;1.4;1.0
26;1.9;2.3;1.3;1.0
27;3.6;2.6;1.3;1.0
28;3.0;1.7;1.5;1.2
29;2.4;2.0;1.2;1.0
30;2.3;1.8;1.4;1.3
31;2.9;2.2;1.3;1.0
32;2.7;1.9;1.5;1.0
33;2.3;3.1;1.7;1.2
34;2.4;1.9;1.1;1.0
35;2.4;2.3;1.3;1.0
36;2.1;1.9;1.5;1.0
37;2.5;1.9;1.6;1.0
38;2.1;2.0;1.4;1.0
39;2.5;3.6;1.4;1.0
40;2.1;3.2;1.4;1.0
41;3.9;2.5;1.4;1.1
42;3.1;2.3;1.5;1.1
43;3.4;2.9;2.0;1.0
44;2.3;2.1;1.4;1.0
45;2.4;2.8;1.4;1.0
46;2.8;3.2;1.5;1.1
47;3.3;2.2;1.6;1.0
48;2.8;2.6;1.5;1.1
49;1.7;2.5;1.3;1.4
50;2.0;1.8;1.3;1.0
51;2.9;2.9;1.5;1.0
52;2.7;2.5;1.4;1.1
53;2.9;2.1;1.5;1.1
54;2.8;2.7;2.0;1.2
55;1.8;2.1;1.4;1.0
56;1.4;2.2;1.2;1.0
57;2.6;3.2;2.1;1.0
58;3.1;2.7;1.9;1.0
59;2.8;2.9;1.6;1.1
60;3.3;2.3;1.5;1.1
61;3.3;1.8;1.4;1.0
62;3.4;2.4;1.6;1.0
63;2.5;2.5;1.7;1.1
64;2.0;2.3;1.5;1.0
65;2.1;3.0;1.5;1.0
66;3.3;2.4;1.4;1.1
67;1.7;2.7;1.3;1.0
68;3.1;2.9;2.1;1.2
69;2.8;3.1;2.0;1.0
70;2.6;2.3;1.5;1.0
71;2.4;2.1;1.3;1.1
72;2.6;2.6;1.5;1.0
73;3.4;2.8;1.8;1.2
74;3.1;2.6;1.6;1.0
75;2.2;2.5;1.5;1.0
76;2.5;2.9;1.5;1.1
77;1.6;2.6;1.3;1.0
78;1.5;2.6;1.4;1.0
79;1.8;3.1;1.4;1.0
80;2.0;3.4;1.5;1.1
81;2.5;2.8;1.5;1.0
82;1.4;2.0;1.2;1.0
83;1.9;2.8;1.4;1.0
84;1.7;2.9;1.3;1.0
85;1.6;2.5;1.4;1.0
86;1.6;2.5;1.2;1.1
87;1.3;2.9;1.3;1.1
88;1.3;2.9;1.4;1.0
89;1.6;3.9;2.0;1.0
90;1.6;3.3;1.5;1.0
91;1.7;2.2;1.3;1.2
92;1.6;3.0;1.6;1.0
93;2.5;3.8;1.7;1.0
94;1.9;2.9;1.6;1.0
95;1.3;2.5;1.2;1.0
96;2.7;2.9;1.6;1.0
97;2.0;3.2;1.6;1.0
98;2.5;3.2;1.8;1.0
99;1.9;3.0;1.4;1.0
100;2.0;2.5;1.5;1.0
101;1.8;2.9;1.4;1.2
102;1.8;2.7;1.5;1.5
103;2.1;2.0;1.3;1.0
104;2.3;2.2;1.3;1.0
105;2.5;1.8;1.3;1.0
106;3.0;1.3;1.3;1.0
107;2.5;2.1;1.4;1.0
108;1.8;2.0;1.2;1.2
109;2.4;1.9;1.3;1.2
110;2.3;1.7;1.3;1.0
111;3.1;2.8;1.9;1.1
112;2.6;1.8;1.3;1.1
113;2.2;1.8;1.2;1.0
114;3.2;1.7;1.6;1.1
115;2.2;2.0;1.3;1.0
116;3.5;1.9;1.5;1.2
117;2.6;2.1;1.5;1.1
118;2.8;2.0;1.5;1.0
119;2.6;2.2;1.4;1.0
120;2.2;1.8;1.4;1.1
121;2.4;1.6;1.4;1.0
122;4.0;1.9;1.8;1.0
123;3.4;2.1;1.7;1.2
124;3.7;1.7;1.6;1.0
125;3.8;2.1;1.5;1.1
126;2.4;2.1;1.5;1.0
127;2.4;1.9;1.3;1.0
128;2.9;1.4;1.3;1.0
129;2.2;1.9;1.2;1.0
130;3.3;2.2;1.4;1.0
131;2.5;2.5;1.5;1.0
132;2.7;2.4;1.5;1.0
133;4.0;2.3;1.5;1.0
134;2.7;1.8;1.5;1.0
135;3.6;1.8;1.7;1.0
136;2.4;2.0;1.4;1.1
137;2.5;2.0;1.5;1.0
138;2.7;1.8;1.7;1.2
139;2.4;1.4;1.2;1.1
140;3.0;1.7;1.3;1.0
141;2.7;1.8;1.1;1.0
142;2.7;1.7;1.3;1.0
143;2.0;1.5;1.4;1.1
144;2.5;1.7;1.3;1.1
145;2.2;1.5;1.1;1.1
146;2.4;1.7;1.5;1.0
147;3.1;1.8;1.4;1.0
148;2.8;1.7;1.6;1.2
149;2.8;1.3;1.4;1.0
150;1.9;2.0;1.2;1.2
151;3.5;2.5;1.7;1.2
152;2.0;1.9;1.2;1.0
153;2.9;1.5;1.3;1.0
154;2.3;1.7;1.4;1.0
155;2.5;1.9;1.5;1.2
156;2.9;2.1;1.4;1.0
157;2.9;1.8;2.0;1.0
158;2.1;1.9;1.3;1.1
159;3.1;1.9;1.4;1.3
160;3.0;1.5;1.4;1.0
161;2.8;1.9;1.2;1.1
162;3.0;1.6;1.6;1.1
163;2.6;1.7;1.5;1.2
164;2.4;1.9;1.6;1.2
165;2.7;1.8;2.0;1.0
166;3.3;1.6;1.8;1.2
167;2.8;1.2;1.5;1.0
168;2.5;1.9;1.6;1.1
169;2.2;1.2;1.3;1.2
170;3.1;1.7;1.4;1.0
171;2.6;1.9;1.3;1.0
172;2.4;1.6;1.4;1.0
173;2.4;2.2;1.5;1.2
174;3.2;2.1;1.8;1.0
175;3.3;1.6;1.8;1.1
176;3.5;2.0;1.6;1.0
177;1.2;1.8;1.5;1.0
178;2.0;2.3;2.7;1.2
179;1.4;2.4;1.9;1.5
180;1.5;2.9;1.7;1.0
181;1.6;2.6;1.7;1.0
182;1.5;2.7;1.9;1.3
183;1.3;1.2;1.3;1.0
184;1.0;1.1;1.0;1.0
185;2.6;1.3;1.6;1.2
186;2.4;1.6;1.5;1.0
187;1.8;1.5;1.4;1.2
188;2.7;1.7;2.1;1.0
189;1.8;1.5;1.4;1.1
190;1.9;1.7;1.5;1.6
191;1.6;1.4;1.3;1.7
192;1.5;1.2;1.0;1.0
193;2.1;1.7;1.8;1.2
194;1.7;1.4;1.4;1.4
195;1.7;1.4;1.5;1.3
196;1.6;1.5;1.6;1.2
197;2.9;1.3;2.1;1.2
198;1.8;1.9;1.6;1.1
199;2.1;1.6;1.5;1.1
200;1.7;1.2;1.4;1.5
201;2.4;1.4;1.6;1.0
202;2.5;1.6;1.8;1.4
203;1.9;1.5;1.4;1.2
204;2.1;1.5;1.7;1.3
205;2.0;2.2;1.3;1.5
206;1.9;1.4;1.2;1.2
207;1.9;1.5;1.4;1.0
208;1.9;1.7;1.5;1.3
209;1.5;1.3;1.5;1.0
210;3.7;1.5;1.9;1.4
211;2.0;1.3;1.5;1.1
212;1.7;1.5;1.3;1.2
213;2.0;1.7;1.7;1.2
214;1.8;1.3;1.1;1.1
215;1.8;1.4;1.2;1.2
216;1.3;1.5;1.2;1.0
217;1.5;1.7;1.5;1.0
218;2.2;1.6;1.8;1.0
219;3.0;1.7;1.7;1.3
220;1.5;2.0;1.8;1.2
221;1.6;2.0;1.6;1.0
222;1.6;2.4;2.1;1.2
223;1.7;1.9;1.6;1.0
224;1.5;2.1;1.6;1.2
225;1.5;1.8;1.4;1.0
226;1.7;2.2;1.8;1.0
227;2.0;2.2;1.9;1.0
228;2.4;2.1;2.0;1.1
229;1.6;2.2;2.5;1.0
230;1.7;2.1;1.6;1.4
231;1.5;1.6;1.7;1.1
232;1.8;1.8;1.7;1.2
233;1.7;2.2;1.9;1.0
234;1.6;1.9;1.7;1.4
235;1.7;2.2;1.9;1.0
236;1.9;2.2;1.6;1.2
237;1.7;1.8;1.8;1.3
238;2.0;2.4;2.1;1.1
239;1.5;1.6;1.4;1.0
240;1.6;1.5;2.2;1.0
241;1.6;2.0;1.8;1.0
242;1.7;2.4;1.6;1.0
243;1.2;1.2;1.2;1.0
244;1.6;1.4;1.5;1.0
245;1.7;1.9;1.6;1.0
246;1.6;1.8;1.6;1.2
247;1.7;1.8;1.8;1.0
248;1.3;1.4;1.3;1.0
249;1.4;2.8;1.4;1.0
250;1.6;2.4;1.2;1.1
251;1.6;2.1;1.2;1.1
252;1.8;2.4;1.3;1.0
253;1.4;3.1;1.3;1.0
254;1.6;2.3;1.4;1.1
255;1.8;2.5;1.3;1.1
256;4.3;1.8;1.1;1.1
257;1.7;2.6;1.4;1.2
258;2.4;2.5;1.3;1.0
259;1.7;2.4;1.2;1.0
260;1.7;2.7;1.7;1.2
261;1.9;2.8;1.4;1.0
262;1.8;2.6;1.2;1.1
263;1.5;2.8;1.4;1.3
264;1.8;2.5;1.4;1.0
265;1.4;2.5;1.3;1.0
266;2.7;2.9;1.3;1.2
267;1.9;2.8;1.4;1.0
268;1.9;2.7;1.3;1.0
269;1.8;2.1;1.2;1.1
270;1.7;2.8;1.4;1.0
271;1.5;3.0;1.4;1.0
272;1.8;2.7;1.5;1.0
273;2.3;2.4;1.2;1.0
274;2.5;3.3;1.6;1.0
275;1.9;4.3;1.6;1.0
276;1.5;2.4;1.1;1.0
277;1.9;2.0;1.2;1.0
278;1.9;3.3;1.5;1.0
279;1.6;1.9;1.1;1.1
280;1.8;3.1;1.4;1.0
281;2.3;3.0;1.2;1.0
282;1.6;2.3;1.3;1.0
283;1.9;3.0;1.4;1.0
284;1.6;2.6;1.4;1.0
285;2.0;2.4;1.2;1.0
286;1.8;2.3;1.4;1.0
287;2.0;2.4;1.5;1.0
288;2.5;2.5;1.3;1.0
289;1.7;2.8;1.4;1.0
290;1.3;3.6;1.5;1.0
291;1.7;3.7;1.6;1.0
292;1.5;2.6;1.6;1.0
293;1.6;3.3;1.6;1.1
294;1.4;3.6;1.7;1.0
295;1.6;2.9;1.5;1.1
296;1.1;1.5;1.2;1.0
297;1.1;1.2;1.1;1.0
298;1.2;1.3;1.1;1.0
299;1.1;1.1;1.1;1.0
300;1.1;1.5;1.1;1.0
301;1.1;1.2;1.0;1.0
302;1.0;1.0;1.0;1.0
303;2.3;2.5;1.3;1.0
304;1.8;1.9;1.3;1.0
305;2.1;2.0;1.1;1.0
306;2.1;1.9;1.1;1.1
307;1.6;2.3;1.1;1.2
308;2.0;2.3;1.4;1.2
309;2.4;2.0;1.2;1.2
310;2.7;2.1;1.3;1.4
311;2.4;2.3;1.4;1.2
312;1.2;2.9;1.2;1.1
313;2.0;1.8;1.3;1.2
314;2.1;1.8;1.1;1.1
315;1.9;2.0;1.2;1.0
316;2.7;2.4;1.4;1.1
317;2.1;2.6;1.5;1.1
318;2.0;2.3;1.5;1.0
319;2.0;2.1;1.3;1.0
320;1.8;2.3;1.4;1.1
321;2.1;1.9;1.5;1.2
322;2.3;1.6;1.4;1.0
323;1.4;2.0;1.3;1.0
324;2.7;1.9;1.3;1.2
325;1.9;2.0;1.3;1.1
326;2.0;1.6;1.4;1.0
327;2.0;1.9;1.3;1.0
328;2.2;2.2;1.4;1.4
329;2.4;2.5;1.7;1.1
330;1.8;2.4;1.7;1.1
331;2.1;2.0;1.4;1.0
332;1.9;1.9;1.5;1.1
333;2.1;1.7;1.3;1.1
334;3.5;2.1;1.9;1.2
335;1.7;1.8;1.4;1.1
336;2.3;2.0;1.2;1.0
337;2.4;1.4;1.5;1.0
338;1.9;1.4;1.2;1.1
339;1.7;1.3;1.1;1.1
340;1.9;2.5;1.1;1.0
341;1.4;1.5;1.1;1.0
342;1.7;3.5;1.2;1.0
343;1.7;2.1;1.3;1.0
344;1.8;3.0;1.2;1.0
345;2.3;1.8;1.1;1.0
346;1.8;1.6;1.1;1.1
347;1.5;2.3;1.4;1.0
348;1.5;1.8;1.1;1.2
349;2.1;1.8;1.2;1.0
350;1.9;2.2;1.3;1.0
351;2.1;2.3;1.3;1.1
352;1.6;1.9;1.1;1.0
353;1.6;2.4;1.3;1.2
354;2.0;2.3;1.1;1.0
355;3.0;2.7;1.1;1.1
356;1.3;2.4;1.1;1.0
357;2.0;2.4;1.4;1.0
358;1.9;2.3;1.3;1.0
359;2.3;2.3;1.3;1.1
360;2.0;2.2;1.2;1.1
361;1.6;2.3;1.3;1.0
362;1.6;2.5;1.5;1.0
363;1.9;2.0;1.4;1.2
364;1.8;2.4;1.5;1.2
365;2.2;1.9;1.1;1.0
366;2.0;2.6;1.8;1.0
367;1.7;2.7;1.4;1.0
368;1.9;2.2;1.2;1.0
369;1.5;2.3;1.2;1.0
370;1.9;2.0;1.5;1.0
371;2.5;2.0;1.1;1.0
372;1.5;2.4;1.5;1.1
373;1.3;1.8;1.7;1.0
374;1.3;2.0;1.5;1.0
375;1.9;1.8;1.6;1.0
376;1.3;2.6;1.5;1.0
377;1.7;2.6;1.5;1.0
378;2.1;2.6;2.0;1.0
379;1.5;1.9;1.3;1.0
380;1.5;2.3;1.4;1.0
381;1.6;2.3;1.6;1.0
382;1.9;2.9;1.7;1.0
383;2.4;1.7;2.2;1.0
384;1.5;3.8;1.8;1.0
385;1.4;2.2;1.5;1.0
386;1.3;1.9;1.3;1.0
387;3.1;1.5;2.2;1.0
388;2.3;2.5;1.4;1.0
389;1.9;2.1;1.3;1.0
390;1.2;1.9;1.5;1.0
391;1.6;1.9;1.3;1.0
392;1.4;2.2;1.3;1.0
393;1.5;2.1;1.5;1.0
394;1.6;2.0;1.7;1.0
395;1.6;2.3;1.1;1.1
396;1.5;1.7;1.6;1.0
397;1.1;1.6;1.2;1.0
398;1.3;2.7;2.1;1.0
399;1.6;1.3;1.4;1.0
400;1.1;1.2;1.1;1.0
401;1.2;1.9;1.3;1.0
402;1.5;2.5;1.5;1.0
403;1.1;1.5;1.1;1.0
404;1.6;5.0;1.5;1.1
405;1.4;2.9;1.9;1.2
406;1.4;3.1;2.6;1.0
407;1.2;3.6;1.3;1.0
408;1.6;2.9;1.4;1.0
409;1.3;2.0;1.3;1.0
410;1.2;3.7;2.1;1.1
411;1.3;2.4;1.3;1.2
412;1.1;1.3;1.0;1.0
413;1.8;1.9;1.0;1.0
414;1.1;1.4;1.1;1.0
415;1.1;1.1;1.0;1.0
416;1.0;1.1;1.0;1.0
417;1.0;1.2;1.0;1.0
418;1.3;1.5;2.9;1.5
419;3.2;1.7;2.9;1.0
420;2.2;1.6;1.6;1.2
421;3.2;1.8;1.2;1.0
422;1.9;2.0;1.1;1.1
423;1.9;2.2;1.1;1.0
424;2.3;1.9;1.1;1.0
425;2.4;1.8;1.1;1.0
426;4.7;2.0;1.2;1.0
427;3.5;2.1;1.5;1.0
428;2.1;1.9;1.1;1.0
429;2.1;1.7;1.0;1.0
430;2.7;2.1;1.1;1.0
431;3.8;2.6;1.1;1.2
432;1.7;1.7;1.1;1.0
433;1.5;1.7;1.1;1.0
434;1.3;2.5;1.0;1.0
435;1.5;1.9;1.0;1.0
436;2.6;1.9;1.4;1.0
437;1.6;2.1;1.1;1.0
438;2.8;1.9;1.2;1.0
439;3.5;1.7;1.2;1.1
440;1.8;1.9;1.1;1.2
441;2.6;3.0;1.2;1.0
442;2.8;2.5;1.1;1.0
443;2.7;2.0;1.3;1.0
444;1.8;2.2;1.1;1.0
445;1.5;2.1;1.2;1.2
446;3.6;1.7;1.4;1.2
447;1.6;1.9;1.1;1.0
448;2.6;1.9;1.1;1.0
449;1.7;2.5;1.3;1.0
450;1.5;2.4;1.9;1.0
451;1.5;2.2;1.5;1.1
452;1.6;2.2;1.6;1.0
453;1.5;2.1;1.9;1.0
454;2.0;2.4;1.5;1.0
455;1.8;2.8;1.8;1.0
456;1.5;2.3;1.5;1.0
457;1.7;2.4;1.8;1.2
458;1.9;2.8;1.5;1.0
459;1.3;1.8;1.4;1.0
460;1.5;1.9;1.4;1.0
461;1.1;2.2;3.1;1.0
462;1.4;2.5;1.4;1.0
463;1.5;2.2;1.4;1.0
464;1.5;1.9;1.9;1.1
465;1.7;1.9;1.4;1.1
466;1.5;2.0;1.4;1.0
467;2.2;1.8;1.1;1.0
468;1.2;1.7;1.2;1.0
469;1.5;2.5;1.4;1.0
470;1.1;1.3;1.1;1.0
471;1.3;1.7;1.3;1.0
472;1.4;1.3;1.1;1.0
473;1.5;2.4;1.4;1.0
474;1.2;1.2;1.1;1.1
475;1.7;2.2;1.3;1.0
476;2.4;2.1;1.1;1.0
477;2.3;2.1;1.1;1.0
478;1.6;2.0;1.1;1.0
479;2.2;2.2;1.3;1.1
480;3.0;2.1;1.1;1.0
481;1.9;1.8;1.2;1.2
482;1.4;1.7;1.1;1.0
483;1.6;2.1;1.2;1.0
484;2.5;2.2;1.1;1.0
485;1.9;2.3;1.0;1.0
486;2.6;2.0;1.1;1.0
487;1.5;3.0;1.3;1.2
488;2.4;1.9;1.2;1.0
489;2.5;1.8;1.1;1.1
490;1.9;1.6;1.1;1.0
491;2.3;2.2;1.1;1.0
492;2.4;1.9;1.1;1.0
493;2.2;2.0;1.2;1.0
494;2.0;2.1;1.2;1.1
495;2.4;2.0;1.1;1.0
496;1.5;3.4;1.4;1.0
497;1.6;1.7;1.2;1.0
498;1.8;2.0;1.1;1.0
499;2.7;2.4;1.1;1.0
500;1.7;2.0;1.2;1.1
501;1.9;1.8;1.1;1.1
502;2.0;2.1;1.2;1.0
503;1.4;2.5;1.1;1.0
504;2.1;2.1;1.1;1.0
505;2.8;2.4;1.1;1.2
506;2.1;2.1;1.4;1.0
507;4.0;1.7;1.2;1.0
508;1.6;2.0;1.2;1.0
509;1.7;2.5;1.2;1.0
510;2.0;1.7;1.1;1.1
511;2.3;2.2;1.3;1.1
512;2.5;2.4;1.2;1.0
513;1.7;2.2;1.1;1.2
514;1.8;2.0;1.3;1.0
515;2.1;1.9;1.6;1.2
516;2.1;1.7;1.8;2.1
517;4.5;1.7;1.3;1.2
518;2.2;2.2;1.7;1.5
519;2.3;1.7;1.2;1.1
520;3.1;1.4;1.7;1.4
521;2.5;1.2;1.5;1.0
522;2.2;1.8;1.7;1.2
523;2.9;1.7;1.6;1.2
524;1.9;1.6;1.8;1.0
525;2.0;1.6;1.2;1.1
526;1.7;1.4;1.4;1.0
527;1.7;1.4;1.3;1.0
528;1.9;1.6;1.2;1.2
529;1.6;1.4;1.2;1.0
530;1.6;1.4;1.2;1.1
531;1.3;1.1;1.1;1.0
532;1.4;1.2;1.1;1.1
533;1.3;1.1;1.1;1.0
534;1.3;1.1;1.1;1.0
535;1.9;2.1;1.4;1.0
536;1.9;1.3;1.1;1.0
537;1.7;1.2;1.1;1.0
538;1.7;2.0;1.1;1.2
539;1.3;1.3;1.2;1.0
540;1.3;1.7;3.0;1.1
541;1.2;1.1;1.1;1.0
542;1.3;1.5;1.2;1.0
543;1.3;1.3;1.1;1.1
544;1.2;1.2;1.1;1.1
545;1.2;1.2;1.1;1.4
546;1.5;1.2;1.1;1.0
547;1.2;1.1;1.0;1.1
548;1.3;1.2;1.4;1.0
549;1.4;1.3;1.1;1.1
550;1.2;1.9;1.4;1.0
551;1.5;1.1;1.0;1.5
552;1.8;1.9;1.0;1.0
553;1.1;1.1;1.1;1.1
554;1.2;1.0;1.1;1.0
555;1.5;1.0;1.0;1.4
556;1.3;1.1;1.1;1.0
557;1.4;1.2;1.1;1.0
558;1.1;1.1;1.1;1.0
559;1.1;1.0;1.0;1.1
560;1.2;1.4;1.4;1.0
561;1.7;2.1;1.3;1.1
562;1.5;1.5;1.3;1.0
563;1.6;2.0;1.4;1.3
564;1.6;1.5;1.2;1.0
565;1.9;1.6;1.5;1.9
566;1.3;1.3;1.2;1.0
567;1.9;1.2;1.2;1.0
568;1.7;1.5;1.3;1.1
569;1.1;2.1;2.2;1.2
570;2.4;1.6;1.4;1.1
571;1.1;1.6;1.0;1.1
572;1.5;1.4;1.2;1.0
573;2.2;1.9;1.3;1.2
574;1.5;1.4;1.2;1.3
575;1.6;1.2;1.2;1.0
576;1.6;1.9;1.3;1.2
577;2.0;1.8;1.2;1.0
578;2.1;1.6;1.2;1.1
579;1.2;2.6;3.1;1.1
580;1.7;1.9;1.4;1.2
581;1.5;1.9;1.2;1.2
582;1.8;1.4;1.2;1.2
583;1.6;3.1;1.1;1.0
584;1.4;2.8;1.5;1.0
585;1.3;1.9;1.3;1.0
586;1.3;2.4;1.4;1.0
587;1.6;2.7;1.7;1.0
588;1.7;2.7;1.5;1.0
589;1.7;2.5;1.4;1.1
590;1.7;2.6;1.5;1.1
591;2.0;2.7;1.4;1.0
592;1.6;2.6;1.3;1.0
593;1.3;2.2;1.5;1.1
594;1.4;2.3;1.4;1.1
595;1.8;2.6;1.6;1.0
596;1.5;2.5;1.4;1.0
597;1.5;2.8;1.4;1.0
598;1.5;2.5;1.6;1.0
599;1.6;2.8;1.3;1.0
600;1.5;2.4;1.2;1.0
601;1.5;2.5;1.4;1.0
602;1.5;1.9;1.4;1.0
603;1.3;2.2;1.6;1.0
604;1.7;2.2;1.4;1.2
605;1.9;3.2;1.7;1.1
606;1.7;2.7;1.5;1.0
607;1.6;2.9;1.6;1.2
608;1.2;2.6;2.1;1.0
609;1.7;2.2;1.3;1.0
610;1.6;3.3;1.6;1.0
611;1.4;2.6;1.5;1.1
612;1.7;2.6;1.6;1.0
613;1.5;2.5;1.5;1.0
614;1.5;3.0;2.0;1.0
615;1.5;2.5;1.4;1.0
616;1.3;2.4;1.9;1.0
617;1.5;2.5;1.4;1.0
618;1.4;2.6;1.5;1.0
619;1.5;2.6;1.6;1.0
620;1.7;2.8;1.5;1.0
621;1.6;3.1;1.5;1.1
622;1.4;3.0;1.5;1.0
623;1.8;2.1;1.6;1.0
624;1.3;2.8;1.8;1.0
625;1.2;1.8;3.0;1.0
626;1.8;1.8;1.2;1.0
627;1.2;1.9;2.6;1.0
628;2.0;2.2;1.9;1.2
629;1.7;2.0;2.0;1.2
630;1.2;1.7;2.8;1.0
631;1.2;2.1;3.4;1.0
632;1.5;1.9;1.9;1.0
633;1.7;2.2;3.2;1.2
634;1.5;2.6;2.0;1.2
635;1.8;2.8;1.5;1.0
636;1.9;1.9;1.4;1.0
637;1.5;2.5;1.9;1.2
638;1.9;2.2;1.8;1.0
639;1.7;2.8;1.8;1.0
640;1.8;2.2;1.9;1.2
641;2.1;2.6;2.0;1.0
642;1.4;2.3;1.6;1.0
643;1.4;2.2;3.9;1.1
644;1.5;2.9;2.5;1.0
645;1.9;2.4;1.8;1.0
646;2.0;2.5;1.9;1.1
647;1.7;2.8;1.8;1.2
648;1.2;1.2;1.2;1.0
649;2.0;2.1;1.8;1.2
650;1.3;2.8;1.6;1.0
651;1.6;2.3;1.6;1.0
652;1.5;2.4;1.8;1.0
653;1.9;2.4;2.0;1.1
654;1.4;2.5;2.3;1.0
655;1.3;2.7;2.1;1.4
656;2.1;2.4;1.8;1.0
657;1.4;1.9;1.4;1.0
658;2.0;2.9;1.5;1.0
659;1.3;2.1;1.8;1.2
660;1.3;1.9;2.6;1.2
661;1.3;1.9;1.3;1.0
662;1.0;1.0;1.0;1.0
663;1.0;1.0;1.0;1.0
664;1.0;1.1;1.0;1.0
665;1.0;1.0;1.0;1.0
666;1.7;1.6;1.8;1.1
667;2.0;1.5;2.0;1.3
668;1.5;1.5;2.4;1.0
669;1.7;1.3;1.8;1.2
670;2.1;2.1;3.0;1.2
671;1.9;1.5;2.2;1.0
672;1.8;1.9;3.4;1.5
673;1.5;2.0;2.6;1.1
674;1.6;2.1;1.7;1.0
675;1.4;1.5;1.9;1.0
676;1.5;2.0;2.5;1.1
677;1.6;1.2;1.4;1.0
678;1.3;1.8;2.8;1.0
679;1.7;1.9;2.0;1.0
680;2.3;1.6;2.1;1.2
681;1.5;1.8;3.4;1.2
682;1.3;2.5;2.7;1.8
683;1.5;2.0;2.4;1.2
684;1.3;1.6;3.5;1.0
685;1.8;1.7;2.1;1.0
686;1.7;2.0;2.1;1.5
687;1.8;1.5;2.0;1.1
688;1.5;1.6;2.1;1.1
689;2.0;2.0;2.2;1.2
690;1.2;1.7;3.0;1.0
691;1.7;2.0;2.1;1.1
692;2.0;1.8;2.3;1.2
693;2.8;2.0;3.2;1.1
694;1.7;2.6;2.1;1.3
695;2.0;1.6;3.3;1.2
696;1.5;1.4;2.5;1.0
697;1.8;2.1;1.5;1.0
698;1.2;1.6;1.2;1.0
699;1.2;3.9;2.3;1.0
700;1.2;1.3;1.8;1.0
701;1.3;3.1;1.7;1.0
702;1.2;2.2;1.9;1.0
703;1.3;2.4;1.7;1.1
704;1.5;2.0;1.7;1.4
705;1.2;3.0;1.9;1.0
706;1.1;3.0;2.7;1.1
707;1.5;2.5;1.3;1.1
708;1.2;4.0;3.4;1.1
709;1.2;3.6;2.1;1.2
710;1.0;1.9;1.7;1.0
711;1.2;1.5;1.2;1.1
712;1.1;2.4;1.9;1.0
713;1.6;1.4;2.1;1.0
714;1.1;1.8;1.5;1.0
715;1.2;3.1;1.6;1.0
716;1.1;3.6;2.0;1.0
717;1.2;2.3;1.3;1.0
718;1.2;2.5;1.7;1.0
719;1.4;1.8;2.2;1.0
720;1.3;1.5;1.9;1.0
721;1.5;1.3;1.6;1.2
722;1.1;1.3;1.2;1.1
723;1.2;2.5;1.4;1.0
724;1.1;2.9;1.8;1.1
725;1.2;1.4;1.4;1.0
726;1.3;3.2;1.3;1.5
727;1.2;2.1;1.4;1.0
728;1.6;2.8;1.7;1.0
729;1.2;2.2;1.2;1.0
730;1.2;1.6;1.3;1.0
731;1.2;2.6;1.7;1.1
732;1.7;1.7;2.2;1.0
733;2.1;3.6;1.2;1.0
734;1.5;1.9;1.3;1.0
735;1.7;2.2;1.5;1.0
736;2.1;2.4;1.7;1.0
737;1.9;2.4;1.9;1.2
738;1.7;1.9;1.1;3.0
739;1.9;1.3;1.8;1.0
740;2.1;2.1;2.1;1.1
741;1.6;2.2;1.3;1.0
742;2.0;2.6;1.7;1.0
743;2.3;1.7;1.1;1.0
744;1.3;1.4;1.2;1.0
745;1.9;1.5;1.1;1.0
746;1.2;1.2;1.2;1.0
747;1.2;1.1;1.0;1.0
748;1.2;1.0;1.1;1.2
749;1.1;1.0;1.0;1.0
750;1.2;1.2;1.1;1.0
751;1.1;1.2;1.1;1.0
752;1.0;1.1;1.2;1.0
753;1.5;1.6;1.2;1.2
754;1.4;1.2;1.2;1.0
755;1.2;1.2;1.1;1.0
756;1.3;1.2;1.0;1.0
757;1.1;1.1;1.1;1.0
758;1.1;1.0;1.1;1.0
759;1.2;1.1;1.0;1.0
760;1.2;1.3;1.2;1.0
761;1.2;1.4;1.1;1.1
762;1.1;1.0;1.0;1.0
763;1.2;1.1;1.1;1.0
764;1.3;1.1;1.1;1.0
765;1.1;1.0;1.0;1.0
766;1.0;1.0;1.0;1.0
767;1.0;1.0;1.0;1.0
768;1.1;1.2;1.0;1.1
769;1.1;1.0;1.0;1.0
770;1.1;1.1;1.0;1.0
771;1.1;1.0;1.0;1.0
772;1.0;1.0;1.0;1.0
773;1.0;1.0;1.0;1.0
774;1.0;1.0;1.0;1.0
775;1.0;1.0;1.0;1.0
776;1.4;2.9;1.6;1.1
777;1.3;3.2;2.0;1.0
778;1.4;1.3;1.2;1.2
779;2.4;1.7;1.5;1.3
780;1.1;1.5;1.4;1.2
781;1.2;1.9;1.8;1.0
782;1.3;2.2;1.8;1.2
783;1.6;1.6;1.0;1.1
784;1.6;1.9;1.2;1.1
785;1.3;1.3;1.4;1.0
786;2.0;2.5;2.4;1.0
787;2.5;3.0;1.5;1.0
788;1.1;2.7;2.5;1.0
789;1.7;1.8;1.8;1.0
790;1.5;1.2;1.1;1.0
791;1.6;2.0;1.1;1.0
792;1.5;2.0;1.2;1.0
793;1.2;2.0;1.4;1.0
794;2.2;1.9;1.3;1.0
795;1.5;1.5;2.4;1.0
796;1.5;2.1;1.3;1.2
797;2.5;1.8;2.3;1.1
798;1.5;1.6;2.3;1.0
799;1.5;2.2;1.6;1.0
800;2.8;1.7;1.7;1.0
801;2.5;1.2;1.6;1.0
802;2.5;1.5;1.5;1.0
803;2.8;1.4;1.3;1.0
804;2.5;1.3;1.8;1.1
805;2.2;1.5;1.8;1.0
806;2.7;1.5;1.5;1.0
807;2.0;1.2;1.3;1.1
808;2.6;1.6;1.4;1.0
809;3.1;1.6;2.0;1.3
810;2.5;1.7;1.7;1.0
811;2.7;1.9;2.1;1.0
812;2.7;1.7;1.8;1.1
813;2.2;1.6;1.5;1.1
814;2.9;1.6;1.8;1.0
815;2.9;2.6;1.9;1.1
816;3.0;1.5;1.6;1.0
817;2.6;1.5;1.8;1.1
818;2.9;1.7;1.9;1.0
819;2.8;1.6;1.5;1.0
820;2.8;1.6;1.7;1.2
821;3.0;1.8;1.9;1.1
822;3.1;1.7;1.8;1.0
823;2.6;1.8;2.2;1.2
824;2.4;1.3;1.6;1.1
825;3.1;1.5;1.6;1.3
826;2.3;2.3;1.5;1.3
827;2.8;1.7;1.5;1.1
828;3.0;1.9;1.8;1.1
829;3.1;1.4;1.3;1.2
830;2.8;1.4;1.7;1.0
831;2.4;1.5;1.9;1.0
832;2.9;1.7;1.7;1.0
833;2.1;1.4;1.5;1.0
834;3.1;1.7;1.9;1.0
835;3.2;2.2;2.2;1.1
836;2.8;1.7;2.0;1.0
837;2.4;1.5;1.7;1.2
838;2.7;1.6;1.8;1.0
839;2.4;1.6;2.0;1.0
840;3.2;2.2;2.0;1.1
841;3.0;2.0;2.1;1.2
842;2.3;1.3;1.9;1.0
843;2.5;1.9;2.9;1.2
844;3.3;1.8;2.1;1.1
845;2.9;2.0;1.8;1.0
846;1.9;1.2;2.0;1.0
847;3.4;1.8;2.2;1.0
848;2.4;1.8;1.5;1.0
849;2.6;1.8;2.1;1.0
850;2.8;1.7;2.1;1.1
851;2.9;1.3;2.3;1.0
852;2.6;2.6;2.1;1.0
853;2.5;1.4;1.6;1.0
854;2.0;1.6;1.5;1.0
855;2.7;2.1;2.5;1.2
856;2.6;2.2;2.1;1.1
857;3.3;2.0;2.2;1.0
858;3.0;1.5;1.9;1.0
859;2.5;1.5;2.0;1.1
860;3.8;1.9;1.9;1.2
861;2.9;2.0;2.2;1.1
862;2.7;2.0;1.8;1.2
863;3.4;3.2;2.1;1.0
864;3.5;1.3;1.3;1.0
865;3.7;1.8;1.6;1.0
866;3.2;1.7;1.3;1.0
867;3.2;1.5;1.1;1.0
868;4.8;1.9;1.9;1.0
869;2.8;1.7;1.1;1.0
870;3.2;1.4;1.3;1.0
871;4.9;2.1;1.6;1.0
872;3.1;1.4;1.4;1.0
873;4.9;2.0;1.6;1.0
874;3.7;1.7;1.3;1.1
875;4.2;1.9;1.2;1.3
876;4.0;1.8;1.6;1.0
877;3.4;2.0;1.3;1.0
878;2.4;1.7;1.2;1.1
879;1.8;1.4;1.2;1.0
880;4.0;2.0;2.0;1.0
881;3.4;1.7;1.5;1.0
882;3.7;1.9;1.4;1.0
883;4.0;2.1;1.2;1.0
884;4.5;1.4;1.6;1.0
885;4.3;1.7;1.6;1.0
886;3.8;1.5;1.4;1.0
887;3.0;1.5;1.4;1.0
888;2.4;1.7;1.6;1.1
889;2.9;1.4;1.5;1.2
890;2.9;1.6;1.5;1.0
891;2.4;1.6;1.4;1.1
892;3.1;1.6;1.8;1.1
893;2.5;1.7;2.0;1.0
894;3.3;1.8;2.0;1.2
895;2.7;1.7;1.4;1.2
896;2.6;1.8;1.3;1.1
897;3.5;1.7;2.0;1.1
898;2.2;1.7;1.4;1.2
899;2.7;2.1;1.8;1.1
900;3.0;1.2;1.4;1.0
901;2.7;2.1;2.0;1.0
902;3.6;2.4;2.1;1.5
903;2.7;1.7;1.6;1.1
904;2.5;1.8;1.3;1.0
905;3.1;2.0;1.8;1.0
906;2.9;1.6;1.5;1.0
907;2.1;1.5;1.2;1.1
908;3.6;1.8;2.0;1.3
909;2.5;1.4;1.5;1.0
910;1.8;1.4;1.4;1.0
911;2.5;1.7;1.6;1.1
912;3.1;1.9;1.5;1.0
913;2.7;1.5;1.5;1.1
914;2.5;1.3;1.4;1.1
915;3.4;2.2;1.9;1.0
916;2.4;1.3;1.2;1.0
917;3.1;1.6;1.4;1.2
918;3.9;1.8;2.1;1.1
919;2.6;1.4;1.6;1.0
920;2.7;1.9;1.8;1.0
921;3.1;1.7;1.6;1.2
922;3.8;1.6;1.6;1.3
923;3.1;1.7;1.8;1.0
924;2.2;1.6;1.4;1.1
925;2.5;1.8;1.7;1.0
926;2.3;1.8;1.6;1.0
927;2.5;2.4;1.6;1.2
928;3.6;1.7;1.9;1.0
929;3.2;1.6;1.6;1.0
930;2.4;2.2;2.1;1.0
931;2.1;1.8;1.5;1.1
932;2.7;1.6;1.6;1.0
933;3.1;1.8;1.7;1.1
934;2.2;1.8;1.9;1.2
935;2.6;1.7;1.8;1.1
936;2.7;2.2;1.8;1.0
937;3.0;2.0;1.6;1.1
938;2.8;1.6;1.6;1.0
939;3.1;2.1;2.0;1.0
940;3.2;1.9;1.8;1.0
941;2.6;1.4;1.4;1.1
942;3.6;1.6;1.6;1.0
943;2.4;1.9;1.6;1.0
944;2.9;1.4;1.6;1.0
945;2.6;2.0;1.7;1.1
946;2.4;1.7;1.7;1.0
947;2.5;1.6;1.6;1.0
948;2.9;1.8;1.8;1.1
949;2.8;1.9;2.0;1.2
950;2.4;1.9;1.3;1.0
951;3.1;1.9;2.0;1.1
952;3.5;1.9;1.8;1.3
953;2.7;1.8;2.3;1.1
954;3.2;1.8;1.9;1.1
955;3.5;1.8;1.8;1.0
956;2.9;2.3;1.7;1.1
957;2.8;1.4;1.7;1.0
958;2.0;1.7;1.4;1.0
959;3.4;1.6;1.8;1.0
960;2.8;1.8;2.1;1.0
961;2.8;1.5;1.7;1.1
962;2.5;1.8;2.2;1.2
963;1.7;2.4;1.3;1.0
964;1.6;2.7;1.7;1.0
965;1.4;2.3;1.2;1.1
966;1.3;1.5;1.6;1.0
967;1.5;2.4;1.2;1.0
968;1.2;1.8;1.1;1.0
969;1.2;2.1;1.4;1.0
970;1.1;1.9;1.3;1.0
971;1.2;1.6;1.2;1.1
972;1.3;1.5;1.0;1.0
973;1.4;1.7;1.2;1.0
974;1.1;1.3;1.1;1.0
975;1.0;1.7;1.2;1.0
976;1.1;1.4;1.1;1.0
977;1.0;1.2;1.0;1.0
978;1.1;1.3;1.1;1.0
979;1.1;1.2;1.0;1.0
980;1.0;1.2;1.0;1.0
981;1.1;1.2;1.1;1.0
982;1.0;1.2;1.1;1.0
983;1.0;1.0;1.0;1.0
984;1.9;1.6;1.5;1.1
985;1.9;1.3;1.1;1.7
986;1.8;1.3;1.3;1.1
987;1.8;1.5;1.4;1.1
988;2.1;1.6;1.3;1.4
989;1.7;1.6;1.4;1.4
990;1.6;1.4;1.1;1.0
991;1.9;1.4;1.5;1.2
992;1.8;1.7;1.5;1.1
993;1.9;1.5;1.4;1.2
994;2.2;1.6;1.6;1.3
995;1.9;1.5;1.4;1.2
996;1.9;1.8;1.5;1.4
997;2.0;1.4;1.6;1.4
998;2.0;1.6;1.7;1.4
999;1.9;1.7;1.5;1.2
1000;2.1;1.4;1.5;1.1
1001;1.5;1.5;1.5;1.3
1002;1.6;1.4;1.3;1.3
1003;2.3;1.7;1.6;1.0
1004;2.0;1.4;1.5;1.0
1005;2.1;1.9;1.6;1.2
1006;1.9;1.3;1.2;1.3
1007;2.1;1.7;1.5;1.2
1008;2.2;1.9;1.5;1.1
1009;1.8;1.5;1.2;1.1
1010;1.8;1.5;1.4;1.2
1011;2.8;1.8;1.8;1.3
1012;1.8;1.2;1.3;1.0
1013;2.5;1.5;1.6;1.2
1014;2.0;1.5;1.5;1.5
1015;1.9;1.7;1.5;1.2
1016;1.4;1.2;1.1;1.0
1017;1.2;1.2;1.1;1.1
1018;1.3;1.2;1.3;1.2
1019;1.2;1.2;1.0;1.4
1020;1.4;1.2;1.1;1.0
1021;1.3;1.2;1.1;1.4
1022;1.5;1.6;1.2;1.2
1023;1.6;1.3;1.2;1.2
1024;1.2;1.3;1.2;1.2
1025;1.4;1.5;1.1;1.2
1026;1.7;1.4;1.1;1.0
1027;1.3;1.4;1.2;1.0
1028;1.4;1.5;1.2;1.1
1029;1.2;1.4;1.1;1.3
1030;1.3;1.3;1.0;1.3
1031;1.2;1.3;1.1;1.0
1032;1.2;1.3;1.1;1.0
1033;1.7;1.3;1.1;1.3
1034;1.4;1.3;1.0;1.0
1035;1.6;1.3;1.1;1.0
1036;1.2;1.1;1.1;1.0
1037;1.6;1.5;1.1;1.2
1038;1.6;1.3;1.1;1.2
1039;1.3;1.2;1.0;1.0
1040;1.6;1.3;1.2;1.4
1041;1.4;1.2;1.2;1.3
1042;1.5;1.2;1.1;1.2
1043;1.5;1.6;1.2;1.3
1044;1.5;1.2;1.1;1.0
1045;1.5;1.3;1.1;1.2
1046;1.5;1.3;1.1;1.1
1047;1.8;1.4;1.1;1.3
1048;1.8;1.4;1.1;1.2
1049;1.2;1.6;1.2;1.5
1050;1.3;1.4;1.1;1.3
1051;1.6;1.5;1.1;1.5
1052;1.4;1.2;1.1;1.2
1053;1.3;1.2;1.1;1.0
1054;1.6;1.2;1.1;1.4
1055;1.7;1.3;1.1;1.4
1056;1.5;1.4;1.2;1.3
1057;1.4;1.6;1.2;1.1
1058;1.4;1.3;1.1;1.0
1059;1.5;1.2;1.0;1.2
1060;1.7;1.3;1.0;1.0
1061;2.7;1.5;1.3;1.0
1062;1.6;1.6;1.1;1.0
1063;1.6;1.6;1.1;1.0
1064;1.2;1.9;1.1;1.0
1065;2.0;1.7;1.1;1.1
1066;1.9;1.8;1.1;1.5
1067;2.1;1.7;1.1;1.0
1068;1.5;1.8;1.6;1.2
1069;1.5;1.6;1.1;1.0
1070;1.6;1.4;1.1;1.0
1071;1.9;2.0;1.3;1.0
1072;1.5;2.0;1.3;1.0
1073;2.0;1.6;1.2;1.1
1074;1.5;1.4;1.1;1.0
1075;2.1;1.6;1.1;1.0
1076;2.1;2.1;1.2;1.0
1077;1.7;2.2;1.2;1.0
1078;2.3;1.8;1.2;1.1
1079;1.7;1.9;1.1;1.0
1080;2.1;1.5;1.5;1.2
1081;2.9;2.0;1.4;1.1
1082;1.8;2.0;1.2;1.2
1083;1.7;2.8;1.1;1.0
1084;2.1;2.2;1.6;1.0
1085;2.1;1.8;1.4;1.5
1086;2.0;2.0;1.2;1.0
1087;1.5;1.7;1.2;1.2
1088;1.5;2.7;1.1;1.0
1089;1.7;1.7;1.2;1.0
1090;1.9;1.8;1.2;1.0
1091;1.9;1.8;1.2;1.2
1092;2.1;1.5;1.2;1.0
1093;2.0;1.9;1.3;1.0
1094;2.0;2.1;1.3;1.1
1095;1.9;1.3;1.3;1.2
1096;1.2;1.2;1.1;1.2
1097;1.6;1.4;1.1;1.4
1098;1.9;1.5;1.2;1.2
1099;2.1;1.5;1.1;1.6
1100;1.6;1.1;1.0;1.0
1101;2.0;1.5;1.3;1.0
1102;1.4;1.6;1.1;1.1
1103;1.7;1.2;1.1;1.2
1104;2.1;1.4;1.4;2.0
1105;1.3;1.5;1.2;1.0
1106;2.1;1.5;1.2;1.0
1107;1.7;1.7;1.2;1.0
1108;2.4;1.3;1.5;2.2
1109;1.6;1.5;1.2;1.5
1110;1.5;2.3;1.7;1.1
1111;2.3;1.3;1.5;1.0
1112;1.9;1.3;1.3;1.0
1113;2.3;1.6;1.5;1.0
1114;1.5;1.8;1.2;1.0
1115;2.6;1.5;1.2;1.2
1116;1.8;1.9;1.3;1.2
1117;2.4;2.3;1.5;1.8
1118;2.5;1.3;1.2;1.6
1119;1.9;1.3;1.1;1.2
1120;1.5;1.4;1.1;1.1
1121;2.2;1.6;1.3;1.2
1122;1.4;1.4;1.1;1.2
1123;2.3;1.7;1.3;1.0
1124;1.7;1.5;1.1;1.1
1125;1.6;1.5;1.1;1.1
1126;2.0;2.0;1.3;1.5
1127;2.0;2.0;1.4;1.2
1128;1.9;1.3;1.4;1.0
1129;2.4;1.5;1.2;1.3
1130;1.9;1.4;1.2;1.1
1131;2.1;1.8;1.3;1.4
1132;2.1;1.3;1.1;1.2
1133;2.4;1.4;1.2;1.2
1134;2.3;1.7;1.3;1.1
1135;1.9;1.8;1.2;1.2
1136;2.4;1.6;1.3;1.2
1137;1.7;1.3;1.2;1.0
1138;1.7;1.2;1.1;1.0
1139;1.7;1.3;1.2;1.0
1140;2.0;1.6;1.2;1.0
1141;1.7;1.3;1.1;1.1
1142;2.6;1.6;1.7;1.4
1143;1.7;1.4;1.3;1.0
1144;1.6;1.2;1.1;1.0
1145;1.7;1.3;1.1;1.2
1146;2.0;1.4;1.3;1.2
1147;2.2;1.3;1.1;1.1
1148;1.5;1.3;1.1;1.0
1149;1.5;1.5;1.2;1.0
1150;1.4;1.2;1.2;1.0
1151;1.9;1.4;1.1;1.2
1152;1.7;1.8;1.1;1.0
1153;1.4;1.2;1.0;1.0
1154;2.1;1.5;1.2;1.0
1155;1.7;1.6;1.1;1.0
1156;1.9;2.2;1.3;1.1
1157;1.7;1.6;1.1;1.0
1158;1.8;1.8;1.3;1.1
1159;3.0;1.6;1.1;1.1
1160;1.7;1.8;1.1;1.0
1161;1.4;1.5;1.0;1.1
1162;1.7;1.9;1.4;1.0
1163;3.2;2.0;1.2;1.0
1164;2.6;2.1;1.2;1.0
1165;1.9;1.9;1.2;1.0
1166;2.0;1.9;1.1;1.1
1167;2.7;2.0;1.1;1.0
1168;1.6;1.9;1.2;1.0
1169;2.1;1.9;1.1;1.0
1170;2.6;1.9;1.2;1.2
1171;2.3;1.7;1.1;1.1
1172;2.4;2.2;1.2;1.1
1173;1.6;2.5;1.4;1.0
1174;2.2;1.7;1.2;1.0
1175;2.8;1.7;1.0;1.1
1176;2.7;2.0;1.4;1.0
1177;1.7;3.0;1.2;1.0
1178;1.9;2.6;1.3;1.0
1179;2.7;2.3;1.2;1.1
1180;1.4;1.2;1.1;1.0
1181;2.8;2.0;1.3;1.0
1182;1.8;2.4;1.1;1.0
1183;1.5;1.3;1.0;1.0
1184;1.8;1.4;1.2;1.2
1185;1.7;1.5;1.3;1.3
1186;1.3;1.5;1.2;1.1
1187;2.1;1.4;1.1;1.2
1188;1.6;1.5;1.2;1.0
1189;1.9;1.4;1.2;1.2
1190;1.6;1.3;1.1;1.0
1191;1.5;1.5;1.3;1.3
1192;1.7;1.4;1.2;1.4
1193;2.3;1.5;1.3;1.5
1194;1.6;1.7;1.2;1.5
1195;2.0;1.7;1.2;1.2
1196;1.7;1.3;1.1;1.0
1197;1.6;1.3;1.1;1.2
1198;2.0;1.3;1.0;1.4
1199;2.2;1.4;1.4;1.3
1200;1.8;1.4;1.2;1.2
1201;1.6;1.2;1.1;1.1
1202;1.9;1.4;1.3;1.2
1203;2.0;1.5;1.1;1.3
1204;1.4;1.7;1.2;1.2
1205;1.9;1.3;1.4;1.2
1206;1.6;1.4;1.1;1.0
1207;1.7;1.3;1.2;1.2
1208;1.7;1.4;1.3;1.0
1209;1.8;1.4;1.1;1.0
1210;1.8;1.4;1.3;1.5
1211;1.8;1.3;1.2;1.4
1212;1.7;1.2;1.2;1.4
1213;2.0;1.4;1.2;1.2
1214;1.6;1.4;1.2;1.0
1215;1.8;1.8;1.3;1.0
1216;1.4;1.2;1.1;1.1
1217;1.6;1.5;1.2;1.1
1218;1.7;1.2;1.1;1.2
1219;1.6;1.5;1.1;1.2
1220;2.1;1.4;1.1;1.0
1221;1.6;1.5;1.1;1.2
1222;1.8;1.1;1.1;1.0
1223;1.4;1.3;1.2;1.0
1224;1.4;1.5;1.2;1.1
1225;1.9;1.2;1.2;1.2
1226;2.1;1.9;1.3;1.0
1227;1.6;2.2;1.3;1.1
1228;1.6;1.9;1.2;1.4
1229;1.6;2.6;1.7;1.0
1230;1.6;1.6;1.1;1.0
1231;1.8;2.0;1.4;1.2
1232;1.3;2.1;1.4;1.2
1233;1.6;1.9;1.2;1.1
1234;1.9;1.9;1.4;1.1
1235;3.3;1.7;1.6;1.0
1236;1.5;2.4;1.4;1.0
1237;1.3;1.5;1.1;1.1
1238;1.7;1.5;1.2;1.0
1239;1.4;1.8;1.3;1.0
1240;1.6;1.3;1.2;1.1
1241;1.6;2.3;1.3;1.5
1242;1.5;1.9;1.2;1.2
1243;1.7;1.7;1.2;1.0
1244;1.3;2.4;1.6;1.1
1245;1.6;1.7;1.2;1.0
1246;1.5;1.6;1.1;1.1
1247;1.4;1.6;1.1;1.2
1248;1.6;1.5;1.2;1.0
1249;1.6;2.0;1.2;1.0
1250;1.5;2.0;1.2;1.0
1251;1.3;1.1;1.0;1.0
1252;1.3;1.2;1.0;1.0
1253;1.2;2.0;1.3;1.0
1254;1.3;1.7;1.3;1.0
1255;1.2;1.2;1.0;1.0
1256;1.5;2.1;1.3;1.0
1257;1.7;2.0;1.3;1.0
1258;1.1;1.2;1.0;1.0
1259;1.6;1.9;1.4;1.2
1260;1.5;1.4;1.0;1.0
1261;1.5;1.6;1.2;1.0
1262;1.3;1.9;1.3;1.0
1263;1.4;1.3;1.1;1.0
1264;1.7;2.1;1.3;1.0
1265;2.0;1.4;1.1;1.2
1266;2.0;1.3;1.1;1.2
1267;1.8;1.4;1.2;1.0
1268;2.1;1.5;1.1;1.2
1269;3.2;1.6;1.8;2.1
1270;1.5;1.6;1.2;1.8
1271;1.9;1.6;1.4;1.3
1272;1.8;1.3;1.1;1.4
1273;1.8;1.3;1.2;1.3
1274;2.1;1.4;1.3;1.0
1275;1.9;1.7;1.2;1.2
1276;2.1;1.8;1.4;1.2
1277;1.9;1.5;1.3;1.9
1278;1.9;1.3;1.1;1.1
1279;1.8;1.3;1.2;1.4
1280;2.0;1.4;1.1;1.5
1281;2.0;1.6;1.2;1.1
1282;2.3;1.3;1.2;1.3
1283;2.2;1.5;1.1;1.2
1284;2.3;1.7;1.4;1.2
1285;1.7;1.3;1.2;1.2
1286;2.2;1.5;1.2;1.5
1287;1.7;1.5;1.1;1.2
1288;2.1;1.6;1.3;1.2
1289;1.5;1.3;1.3;1.1
1290;1.9;1.5;1.2;1.2
1291;2.1;1.4;1.2;1.5
1292;1.9;1.5;1.3;1.1
1293;2.0;1.4;1.2;1.1
1294;2.3;1.6;1.3;1.2
1295;1.9;1.8;1.8;1.0
1296;2.0;1.4;1.1;1.3
1297;1.8;1.3;1.2;1.2
1298;1.7;1.2;1.1;1.0
1299;2.3;1.8;1.2;1.2
1300;1.7;1.5;1.0;1.2
1301;3.3;1.5;1.7;1.2
1302;2.9;1.9;1.9;1.2
1303;2.7;1.5;1.8;1.1
1304;3.0;1.6;1.6;1.1
1305;2.9;1.4;1.7;1.3
1306;2.5;1.2;1.3;1.1
1307;1.7;1.4;1.1;1.2
1308;1.5;1.3;1.2;1.0
1309;1.7;1.4;1.1;1.2
1310;1.4;1.2;1.1;1.2
1311;1.7;1.4;1.1;1.1
1312;1.7;1.3;1.1;1.0
1313;1.6;1.2;1.2;1.1
1314;1.7;1.2;1.2;1.0
1315;1.3;1.1;1.1;1.1
1316;1.0;1.0;1.1;1.0
1317;1.1;1.0;1.0;1.0
1318;1.2;1.1;1.1;1.1
1319;1.2;1.2;1.1;1.0
1320;1.3;1.2;1.1;1.0
1321;1.2;1.1;1.1;1.0
1322;1.0;1.0;1.0;1.0
1323;1.0;1.0;1.0;1.0
1324;1.1;1.0;1.0;1.0
1325;1.5;1.1;1.0;1.0
1326;1.0;1.0;1.0;1.0
1327;1.1;1.0;1.0;1.0
1328;2.1;1.4;1.4;1.2
1329;1.8;1.9;1.4;1.0
1330;2.0;1.8;1.9;1.0
1331;2.2;1.7;1.4;1.0
1332;2.3;1.7;1.7;1.0
1333;1.9;1.3;1.4;1.8
1334;1.7;2.0;1.3;1.1
1335;2.0;2.1;1.3;1.0
1336;3.1;2.1;2.1;1.8
1337;2.7;1.9;1.8;1.2
1338;1.9;1.5;1.4;1.4
1339;2.2;2.0;1.9;1.1
1340;2.8;1.9;1.6;1.0
1341;1.7;1.5;1.4;1.1
1342;2.4;1.6;1.5;1.1
1343;1.3;1.3;1.1;1.2
1344;1.2;1.1;1.1;1.2
1345;1.5;1.2;2.0;1.5
1346;1.4;1.2;1.1;1.3
1347;1.5;1.5;1.0;1.2
1348;1.1;1.1;1.1;1.0
1349;1.3;1.1;1.2;1.2
1350;1.2;1.1;1.0;1.2
1351;1.2;1.4;1.2;1.1
1352;1.5;1.2;1.1;1.1
1353;1.3;1.1;1.0;1.0
1354;2.0;1.3;1.2;1.3
1355;1.5;1.3;1.0;1.2
1356;1.5;1.0;1.1;1.4
1357;1.6;1.3;1.1;1.0
1358;1.2;1.1;1.0;1.1
1359;1.4;1.2;1.0;1.4
1360;1.8;1.6;1.2;1.2
1361;1.5;1.2;1.1;1.2
1362;1.7;1.5;1.1;1.2
1363;1.2;1.2;1.1;1.2
1364;1.7;1.4;1.3;1.2
1365;1.4;1.4;2.4;1.2
1366;1.7;1.4;1.5;1.2
1367;1.1;1.0;1.0;1.0
1368;1.6;1.3;1.1;1.2
1369;1.2;1.3;1.1;1.0
1370;1.5;1.3;1.1;1.1
1371;1.2;1.2;1.1;1.1
1372;1.4;1.3;1.1;1.0
1373;1.4;1.1;1.1;1.1
1374;1.4;1.2;1.1;1.0
1375;1.3;2.2;1.4;1.0
1376;1.6;1.5;1.1;1.0
1377;1.7;1.2;1.1;1.3
1378;1.6;1.4;1.2;1.0
1379;1.6;1.4;1.2;1.0
1380;1.6;1.2;1.1;1.0
1381;1.3;1.3;1.2;1.0
1382;1.4;1.3;1.3;1.0
1383;1.4;1.4;1.1;1.0
1384;1.1;1.3;1.0;1.1
1385;1.5;1.5;1.1;1.3
1386;1.5;1.4;1.2;1.5
1387;1.9;1.5;1.1;1.3
1388;1.5;1.7;1.2;1.1
1389;1.2;1.5;1.2;1.0
1390;1.3;1.7;1.3;1.1
1391;1.7;1.6;1.1;1.2
1392;1.5;1.6;1.1;1.2
1393;1.3;1.6;1.2;1.0
1394;1.6;1.7;1.2;1.0
1395;1.5;1.7;1.2;1.0
1396;1.5;1.7;1.3;1.0
1397;1.6;1.7;1.3;1.2
1398;1.5;1.7;1.2;1.0
1399;1.5;1.6;1.1;1.0
1400;1.4;1.8;1.2;1.2
1401;1.3;1.9;1.4;1.0
1402;1.3;1.8;1.4;1.0
1403;1.5;1.8;1.2;1.1
1404;1.2;1.3;1.1;1.1
1405;1.3;1.7;1.2;1.0
1406;1.4;1.5;1.3;1.4
1407;1.3;2.2;1.6;1.0
1408;1.5;1.5;1.2;1.0
1409;1.5;1.9;1.6;1.1
1410;1.3;1.4;1.1;1.0
1411;1.2;1.9;1.2;1.0
1412;1.3;1.3;1.1;1.0
1413;1.3;2.2;1.4;1.0
1414;1.1;1.7;1.1;1.0
1415;1.3;1.7;1.2;1.0
1416;1.6;1.6;1.1;1.0
1417;2.3;1.7;1.1;1.0
1418;2.0;1.9;1.2;1.1
1419;1.8;1.2;1.1;1.1
1420;2.3;2.3;1.2;1.1
1421;1.6;2.1;1.3;1.1
1422;2.2;1.9;1.1;1.0
1423;2.0;1.8;1.1;1.0
1424;1.8;1.9;1.1;1.0
1425;1.6;1.8;1.2;1.0
1426;2.1;1.7;1.3;1.0
1427;2.2;1.9;1.2;1.0
1428;1.7;2.4;1.3;1.0
1429;2.1;1.8;1.2;1.1
1430;1.8;2.0;1.1;1.0
1431;2.0;2.4;1.3;1.0
1432;1.9;2.1;1.3;1.1
1433;2.1;2.0;1.1;1.0
1434;2.0;2.2;1.3;1.0
1435;1.5;1.9;1.1;1.0
1436;1.8;2.2;1.2;1.2
1437;2.2;2.6;1.3;1.1
1438;2.5;1.6;1.1;1.0
1439;1.9;1.8;1.2;1.1
1440;1.8;2.2;1.4;1.0
1441;2.1;1.9;1.0;1.2
1442;2.4;2.2;1.2;1.0
1443;2.0;2.3;1.5;1.2
1444;1.6;1.6;1.0;1.0
1445;2.1;2.3;1.3;1.2
1446;1.3;1.5;1.1;1.0
1447;2.0;2.4;1.3;1.0
1448;1.9;2.2;1.1;1.0
1449;2.1;2.3;1.2;1.0
1450;2.0;2.1;1.3;1.0
1451;2.3;1.9;1.2;1.2
1452;1.9;1.7;1.2;1.0
1453;2.1;2.1;1.4;1.1
1454;1.8;1.6;1.1;1.0
1455;2.1;2.0;1.2;1.2
1456;1.5;1.9;1.2;1.0
1457;1.8;1.9;1.1;1.2
1458;1.7;1.7;1.2;1.2
1459;1.7;1.5;1.1;1.0
1460;1.9;1.7;1.1;1.5
1461;1.8;2.2;1.3;1.0
1462;2.1;2.0;1.1;1.0
1463;2.6;1.9;1.3;1.0
1464;2.0;1.7;1.1;1.1
1465;1.9;2.0;1.3;1.1
1466;2.1;1.9;1.4;1.1
1467;2.3;2.1;1.3;1.1
1468;1.7;1.8;1.1;1.0
1469;1.8;1.7;1.2;1.0
1470;1.6;1.8;1.2;1.0
1471;1.9;1.7;1.2;1.2
1472;2.0;1.8;1.3;1.1
1473;1.8;1.8;1.1;1.2
1474;1.4;1.6;1.3;1.0
1475;2.0;2.1;1.4;1.2
1476;2.1;1.7;1.2;1.6
1477;1.8;1.9;1.2;1.1
1478;1.7;1.9;1.1;1.0
1479;1.7;1.8;1.2;1.2
1480;2.0;1.8;1.4;1.0
1481;1.9;1.8;1.1;1.0
1482;1.4;1.6;1.3;1.0
1483;2.0;1.8;1.2;1.0
1484;2.1;1.6;1.1;1.2
1485;1.9;1.9;1.2;1.0
1486;1.9;2.0;1.3;1.3
1487;1.7;2.0;1.3;1.5
1488;2.1;2.2;1.2;1.1
1489;1.8;1.9;1.2;1.0
1490;1.7;2.1;1.2;1.1
1491;1.8;1.4;1.1;1.3
1492;1.5;1.7;1.1;1.2
1493;2.4;2.1;1.2;1.0
1494;1.7;1.7;1.2;1.0
1495;1.4;1.5;1.3;1.0
1496;2.5;2.0;1.1;1.1
1497;1.4;2.1;1.2;1.2
1498;1.7;2.1;1.2;1.0
1499;2.0;1.8;1.0;1.0
1500;1.7;1.7;1.3;1.5
1501;1.6;1.4;1.2;1.0
1502;1.5;1.5;1.2;1.0
1503;2.2;1.9;1.1;1.2
1504;1.6;1.6;1.1;1.2
1505;1.6;1.3;1.2;1.1
1506;1.2;1.2;1.0;1.0
1507;1.1;1.3;1.1;1.1
1508;1.1;1.2;1.1;1.0
1509;1.1;1.2;1.0;1.0
1510;1.3;1.9;1.4;1.2
1511;1.5;1.4;1.2;1.0
1512;1.2;1.2;1.0;1.2
1513;1.4;1.3;1.0;1.0
1514;1.1;1.1;1.0;1.0
1515;1.1;1.3;1.1;1.2
1516;2.2;1.6;1.0;1.0
1517;2.6;1.8;1.2;1.1
1518;2.4;1.5;1.1;1.0
1519;2.3;1.6;1.1;1.0
1520;1.8;1.9;1.1;1.0
1521;2.8;1.6;1.1;1.0
1522;2.5;1.6;1.1;1.0
1523;2.1;1.8;1.2;1.1
1524;2.1;1.8;1.0;1.1
1525;2.5;1.6;1.1;1.0
1526;2.8;2.0;1.2;1.0
1527;3.2;1.6;1.0;1.2
1528;2.2;1.5;1.0;1.0
1529;1.9;1.5;1.0;1.0
1530;2.5;1.9;1.2;1.0
1531;2.3;1.5;1.2;1.0
1532;2.1;1.8;1.1;1.1
1533;2.6;1.7;1.1;1.0
1534;4.8;2.4;1.3;1.0
1535;1.7;2.0;1.3;1.0
1536;3.4;2.1;1.4;1.0
1537;2.3;2.5;1.3;1.0
1538;2.9;2.0;1.3;1.1
1539;2.1;1.7;1.2;1.0
1540;2.4;1.7;1.2;1.0
1541;2.2;2.0;1.1;1.0
1542;2.1;1.9;1.1;1.0
1543;2.5;2.2;1.2;1.0
1544;2.4;1.8;1.1;1.0
1545;2.9;2.1;1.2;1.0
1546;2.1;1.5;1.1;1.0
1547;2.0;1.7;1.2;1.0
1548;1.7;1.8;1.2;1.2
1549;1.8;1.5;1.1;1.0
1550;2.1;1.9;1.3;1.0
1551;2.1;1.4;1.1;1.0
1552;1.2;1.3;1.1;1.0
1553;2.1;1.6;1.2;1.0
1554;1.8;1.6;1.1;1.0
1555;2.4;1.9;1.3;1.0
1556;1.2;1.6;1.1;1.3
1557;2.0;2.1;1.3;1.3
1558;1.9;1.5;1.2;1.1
1559;2.2;1.8;1.1;1.1
1560;2.1;1.9;1.2;1.3
1561;2.0;1.8;1.1;1.0
1562;1.7;1.8;1.2;1.1
1563;1.9;2.2;1.2;1.2
1564;1.9;1.7;1.1;1.2
1565;1.7;1.8;1.3;1.0
1566;1.7;2.0;1.5;1.2
1567;2.3;1.5;1.3;1.0
1568;2.9;1.5;1.4;1.2
1569;1.7;1.9;1.2;1.0
1570;1.7;1.6;1.2;1.4
1571;1.6;1.8;1.2;1.0
1572;1.8;1.9;1.0;1.0
1573;1.7;1.8;1.2;1.0
1574;2.5;1.7;1.2;1.4
1575;1.8;1.9;1.2;1.0
1576;2.0;1.9;1.2;1.0
1577;1.9;2.1;1.4;1.1
1578;1.7;1.2;1.1;1.0
1579;1.6;1.7;1.5;1.0
1580;1.3;1.3;1.1;1.0
1581;1.7;1.2;1.0;1.1
1582;2.2;1.7;1.3;1.2
1583;1.5;2.4;2.2;1.0
1584;1.2;3.7;2.9;1.0
1585;1.3;3.0;2.5;1.0
1586;1.1;2.5;1.9;1.0
1587;1.1;2.4;2.1;1.1
1588;1.0;1.6;1.3;1.0
1589;1.0;1.5;1.4;1.1
1590;1.1;1.3;1.3;1.0
1591;1.0;1.0;1.0;1.0
1592;1.1;2.0;2.6;1.1
1593;1.1;3.6;2.3;1.0
1594;1.1;1.6;2.4;1.0
1595;1.2;2.8;2.6;1.0
1596;1.1;2.5;3.0;1.2
1597;1.1;1.7;2.4;1.0
1598;1.3;2.6;3.0;1.2
1599;1.1;2.2;2.4;1.1
1600;1.1;2.3;2.3;1.0
1601;1.1;2.0;2.9;1.1
1602;1.0;2.1;1.6;1.0
1603;1.1;2.3;2.5;1.0
1604;1.1;1.8;2.6;1.0
1605;1.3;1.2;2.3;1.0
1606;1.1;2.5;2.7;1.0
1607;1.2;3.4;3.6;1.2
1608;1.1;1.4;2.4;1.0
1609;1.1;2.5;2.3;1.0
1610;1.0;1.5;3.2;1.0
1611;1.1;2.1;2.6;1.1
1612;1.1;2.9;2.7;1.0
1613;1.1;1.8;2.1;1.0
1614;1.2;2.0;2.5;1.0
1615;1.2;2.1;3.6;1.6
1616;1.0;2.7;2.3;1.1
1617;1.0;2.1;3.6;1.3
1618;1.0;2.6;4.1;1.0
1619;1.1;2.0;4.2;1.1
1620;1.3;2.0;4.3;1.0
1621;1.3;3.3;2.7;1.2
1622;1.2;2.6;2.9;1.3
1623;1.1;1.9;3.4;1.0
1624;1.0;2.0;2.0;1.0
1625;1.2;3.4;2.2;1.0
1626;1.1;1.7;3.8;1.0
1627;1.1;2.8;4.4;1.4
1628;1.2;2.0;3.6;1.0
1629;1.2;2.0;1.8;1.0
1630;1.1;3.8;2.3;1.0
1631;1.1;1.7;3.4;1.0
1632;1.1;2.1;1.6;1.0
1633;1.0;1.7;2.9;1.0
1634;1.4;1.8;3.1;1.1
1635;1.3;1.8;3.9;1.2
1636;1.5;2.1;3.8;1.0
1637;1.1;1.7;2.9;1.0
1638;1.2;2.2;3.8;1.2
1639;1.1;1.5;2.6;1.1
1640;1.3;1.7;3.4;1.0
1641;1.2;2.2;3.4;1.1
1642;1.4;2.0;3.5;1.0
1643;1.3;2.0;3.6;1.0
1644;1.6;2.0;3.6;1.0
1645;1.5;1.8;3.0;1.2
1646;1.2;1.4;2.9;1.1
1647;1.4;1.8;3.3;1.0
1648;1.2;2.1;5.0;1.7
1649;1.2;3.0;3.6;1.0
1650;1.1;2.3;2.3;1.0
1651;1.3;1.9;4.2;1.1
1652;1.3;2.4;2.4;1.2
1653;1.4;1.7;3.8;1.6
1654;1.4;2.3;3.3;1.0
1655;1.5;1.4;3.4;1.0
1656;1.2;2.2;3.2;1.1
1657;1.4;1.2;2.1;1.2
1658;1.0;2.0;2.0;1.0
1659;3.4;1.9;3.7;1.3
1660;1.3;1.6;2.7;1.0
1661;1.5;1.9;2.5;1.0
1662;1.4;1.9;4.0;1.2
1663;1.2;1.3;2.5;1.0
1664;1.5;1.7;3.2;1.0
1665;1.1;1.6;2.3;1.1
1666;1.2;1.3;2.2;1.2
1667;1.1;1.3;1.7;1.0
1668;1.0;1.1;1.5;1.0
1669;1.1;1.1;1.5;1.0
1670;1.0;1.1;1.3;1.0
1671;1.0;1.4;1.8;1.0
1672;1.0;1.0;1.1;1.0
1673;1.1;1.1;1.4;1.0
1674;1.0;1.0;1.3;1.0
1675;1.3;1.3;1.7;1.0
1676;1.1;1.2;1.5;1.3
1677;1.0;1.1;1.2;1.0
1678;1.0;1.0;1.1;1.0
1679;1.1;1.1;1.2;1.0
1680;1.1;1.1;1.2;1.0
1681;1.0;1.2;1.5;1.0
1682;1.0;1.1;1.1;1.0
1683;1.5;1.2;1.1;1.2
1684;1.9;1.9;1.2;1.2
1685;1.5;1.4;1.1;1.0
1686;1.1;1.2;1.0;1.0
1687;1.4;1.2;1.1;1.3
1688;1.8;1.4;1.1;1.2
1689;2.0;1.7;1.2;1.2
1690;4.1;1.7;1.8;1.2
1691;1.6;1.4;1.1;1.3
1692;1.2;1.1;1.1;1.1
1693;2.1;2.0;1.2;1.0
1694;2.0;1.2;1.1;1.0
1695;2.2;1.3;1.2;1.2
1696;1.4;1.3;1.1;1.0
1697;1.2;1.1;1.2;1.0
1698;1.4;1.3;1.1;1.0
1699;1.9;1.6;1.2;1.3
1700;1.6;1.6;1.1;1.2
1701;1.1;1.2;1.1;1.0
1702;1.3;1.5;1.1;1.0
1703;1.5;1.3;1.1;1.5
1704;1.7;1.4;1.2;1.1
1705;1.6;1.4;1.1;1.2
1706;1.8;1.1;1.1;1.2
1707;1.3;1.2;1.1;1.0
1708;1.2;1.3;1.1;1.0
1709;1.7;1.2;1.0;1.2
1710;1.5;1.7;1.1;1.0
1711;1.2;1.2;1.4;1.0
1712;1.1;1.2;1.0;1.0
1713;1.1;1.1;1.0;1.0
1714;1.1;1.2;1.0;1.0
1715;1.9;2.5;1.3;1.0
1716;1.6;1.6;2.0;1.2
1717;2.8;2.3;1.3;1.0
1718;2.2;2.0;1.6;1.2
1719;1.9;1.6;1.1;1.1
1720;1.9;2.1;1.3;1.0
1721;2.2;2.2;1.3;1.0
1722;2.1;2.1;1.2;1.1
1723;2.3;2.3;1.2;1.0
1724;2.2;1.5;1.1;1.0
1725;2.4;1.8;1.1;1.0
1726;2.6;2.1;1.2;1.1
1727;2.1;1.7;1.2;1.2
1728;2.1;1.9;1.1;1.0
1729;1.6;1.5;1.1;1.0
1730;1.6;1.6;1.1;1.0
1731;1.4;1.3;1.1;1.0
1732;1.6;1.3;1.0;1.0
1733;1.1;1.3;1.0;1.0
1734;1.9;1.9;1.4;1.1
1735;1.6;2.3;1.8;1.0
1736;1.6;1.4;1.0;1.0
1737;2.0;2.3;1.6;1.1
1738;1.5;1.6;1.1;1.0
1739;1.5;1.3;1.0;1.0
1740;1.4;1.5;1.2;1.0
1741;1.5;1.3;1.1;1.0
1742;1.3;1.3;1.1;1.0
1743;2.5;2.1;1.5;1.1
1744;1.9;1.6;1.3;1.1
1745;1.8;1.4;1.5;1.1
1746;1.9;1.5;1.3;1.0
1747;2.7;1.6;1.5;1.0
1748;1.6;1.2;1.3;1.2
1749;1.3;1.0;1.0;1.0
1750;1.3;1.2;1.1;1.0
1751;1.2;1.1;1.0;1.0
1752;1.1;1.0;1.0;1.0
1753;1.3;1.2;1.3;1.0
1754;1.1;1.1;1.0;1.0
1755;1.4;1.2;1.1;1.0
1756;1.6;1.3;1.1;1.0
1757;1.5;1.2;1.2;1.0
1758;1.4;1.2;1.2;1.0
1759;1.2;1.1;1.0;1.0
1760;1.1;1.0;1.0;1.0
1761;1.5;1.0;1.1;1.0
1762;2.3;2.0;1.3;1.0
1763;2.0;2.5;1.4;1.1
1764;2.3;2.4;1.2;1.1
1765;2.5;2.9;1.4;1.0
1766;1.8;3.0;1.2;1.0
1767;1.7;2.0;1.1;1.1
1768;1.9;2.2;1.4;1.0
1769;1.9;2.6;1.2;1.0
1770;1.7;3.7;1.4;1.0
1771;2.1;2.3;1.5;1.2
1772;1.6;2.9;1.4;1.0
1773;2.1;1.8;1.1;1.0
1774;1.5;2.3;1.3;1.0
1775;1.8;2.0;1.3;1.1
1776;1.8;1.9;1.2;1.1
1777;2.0;1.6;1.1;1.0
1778;1.7;1.8;1.1;1.0
1779;1.9;2.1;1.2;1.1
1780;1.8;2.8;1.4;1.0
1781;2.2;2.4;1.2;1.2
1782;1.5;2.0;1.7;1.1
1783;2.0;2.1;1.3;1.1
1784;1.9;2.9;1.3;1.0
1785;2.1;2.7;1.4;1.0
1786;2.1;2.9;1.6;1.1
1787;1.4;2.7;1.5;1.1
1788;2.1;2.5;1.4;1.1
1789;1.7;3.6;1.7;1.0
1790;2.0;2.4;1.2;1.2
1791;2.1;2.7;1.5;1.0
1792;1.7;2.3;2.5;1.0
1793;2.0;2.2;1.3;1.0
1794;1.7;2.6;1.7;1.0
1795;3.1;1.8;1.5;1.0
1796;2.6;1.6;1.5;1.2
1797;3.1;1.7;2.0;1.3
1798;2.0;1.3;1.3;1.1
1799;2.2;1.6;1.6;1.1
1800;2.8;1.5;2.2;1.1
1801;2.9;1.5;1.8;1.3
1802;2.1;1.5;1.5;1.1
1803;2.4;1.7;1.6;1.0
1804;2.5;1.3;1.9;1.2
1805;2.3;1.5;1.8;1.2
1806;2.0;1.5;1.5;1.2
1807;2.2;1.7;1.8;1.0
1808;2.5;1.4;1.5;1.1
1809;2.1;1.4;1.3;1.0
1810;3.1;1.6;1.6;1.1
1811;2.5;1.7;1.5;1.2
1812;2.2;1.5;1.7;1.1
1813;2.9;1.7;2.1;1.1
1814;2.9;1.4;1.6;1.2
1815;2.6;1.4;1.5;1.2
1816;2.6;1.7;1.7;1.0
1817;3.4;1.3;1.6;1.3
1818;2.5;1.5;2.2;1.5
1819;2.1;1.4;1.5;1.2
1820;2.7;1.6;1.7;1.4
1821;2.0;1.6;2.0;1.0
1822;1.4;1.9;1.7;1.0
1823;1.5;1.4;1.7;1.2
1824;2.0;2.1;1.7;1.0
1825;1.5;2.6;1.9;1.1
1826;2.0;1.6;2.7;1.3
1827;1.5;2.1;1.7;1.0
1828;2.1;2.0;2.0;1.0
1829;1.6;1.9;2.1;1.3
1830;1.6;1.6;1.7;1.1
1831;1.9;2.3;1.6;1.1
1832;1.6;1.6;1.7;1.1
1833;2.5;1.3;1.6;1.2
1834;1.3;1.9;1.8;1.2
1835;1.9;1.9;1.6;1.1
1836;1.7;2.0;1.5;1.0
1837;1.7;1.5;1.7;1.2
1838;2.1;2.0;2.9;1.0
1839;1.8;2.4;1.7;1.1
1840;1.9;2.0;2.0;1.0
1841;2.9;1.6;1.9;1.0
1842;1.8;1.7;1.7;1.0
1843;2.0;1.9;1.8;1.1
1844;1.9;2.1;1.7;1.0
1845;1.7;1.8;1.4;1.0
1846;1.7;2.1;2.4;1.2
1847;2.1;1.7;2.1;1.1
1848;2.8;1.6;1.9;1.2
1849;2.0;1.6;2.8;1.0
1850;2.7;2.2;1.9;1.0
1851;1.5;1.3;1.8;1.0
1852;1.4;3.2;1.9;1.2
1853;2.7;1.8;2.2;1.4
1854;1.9;1.7;1.3;1.0
1855;1.9;1.9;1.5;1.0
1856;2.5;2.0;1.4;1.0
1857;2.2;1.8;1.2;1.0
1858;1.6;1.2;1.3;1.1
1859;1.8;1.6;1.3;1.1
1860;3.1;1.7;2.1;1.1
1861;2.7;1.6;1.8;1.2
1862;2.0;1.4;1.4;1.0
1863;2.9;1.7;1.5;1.0
1864;2.0;1.7;1.6;1.2
1865;2.6;1.3;1.6;1.1
1866;2.0;1.2;1.2;1.2
1867;2.7;1.6;1.5;1.1
1868;1.9;1.4;1.6;1.1
1869;2.0;1.3;1.3;1.0
1870;1.9;1.6;1.3;1.1
1871;2.2;1.5;1.6;1.0
1872;3.3;1.8;1.9;1.3
1873;2.7;1.6;1.6;1.0
1874;2.9;2.0;1.5;1.0
1875;2.4;1.8;1.6;1.0
1876;2.2;1.7;1.5;1.1
1877;1.9;1.7;1.2;1.1
1878;2.2;1.6;1.3;1.2
1879;2.3;1.7;1.4;1.0
1880;2.4;2.3;1.5;1.1
1881;1.9;1.9;1.1;1.0
1882;2.4;1.6;1.4;1.0
1883;2.0;2.4;1.5;1.0
1884;2.7;1.7;1.7;1.2
1885;1.8;1.7;1.5;1.0
1886;2.9;1.6;1.9;1.1
1887;2.7;1.5;1.3;1.2
1888;2.4;1.9;1.6;1.1
1889;1.6;1.7;1.4;1.0
1890;2.6;2.0;1.7;1.0
1891;2.3;1.9;1.4;1.0
1892;2.7;1.7;1.5;1.0
1893;2.7;1.5;1.6;1.2
1894;2.5;1.3;1.3;1.7
1895;3.2;1.4;1.4;1.1
1896;2.4;1.5;1.3;1.3
1897;3.2;1.5;1.2;1.2
1898;2.7;1.4;1.3;1.2
1899;2.4;1.3;1.1;1.3
1900;2.6;1.3;1.3;1.2
1901;1.7;1.2;1.1;1.1
1902;3.2;1.3;1.1;1.2
1903;3.1;1.5;1.2;1.2
1904;2.3;1.3;1.5;1.2
1905;2.8;1.2;1.2;1.8
1906;2.4;1.4;1.3;1.2
1907;2.3;1.4;1.3;1.2
1908;2.2;1.4;1.1;1.5
1909;2.5;1.5;1.5;1.8
1910;3.0;1.3;1.3;1.6
1911;2.9;1.4;1.2;1.0
1912;3.1;1.5;1.5;1.3
1913;2.2;1.2;1.3;1.1
1914;1.6;1.4;1.2;1.0
1915;3.1;1.3;1.2;1.2
1916;2.3;1.1;1.3;2.1
1917;2.7;1.5;1.3;1.4
1918;2.5;1.4;1.3;1.2
1919;2.5;1.4;1.4;1.5
1920;2.9;1.4;1.3;1.6
1921;2.1;1.5;1.3;1.2
1922;2.5;1.3;1.2;1.3
1923;2.5;1.2;1.3;1.8
1924;2.7;1.3;1.3;1.2
1925;1.6;1.2;1.1;1.0
1926;1.8;1.3;1.1;1.3
1927;2.1;1.3;1.1;1.4
1928;2.2;1.3;1.5;1.6
1929;2.1;1.2;1.1;1.5
1930;1.9;1.3;1.2;1.3
1931;2.1;1.1;1.1;1.2
1932;2.4;1.2;1.1;1.7
1933;1.8;1.7;1.3;1.2
1934;3.0;1.3;1.3;1.7
1935;2.5;1.3;1.1;1.4
1936;2.5;1.4;1.2;1.2
1937;2.9;1.6;1.3;1.7
1938;2.9;1.2;1.3;1.6
1939;2.0;1.4;1.3;1.2
1940;2.2;1.2;1.1;1.8
1941;1.9;1.6;1.2;1.0
1942;2.2;1.3;1.3;1.1
1943;2.6;1.6;1.5;1.3
1944;2.3;1.4;1.2;1.0
1945;1.7;1.2;1.1;1.4
1946;2.1;1.4;1.2;1.3
1947;2.1;1.6;1.4;1.8
1948;2.1;1.3;1.3;1.2
1949;2.4;1.4;1.2;1.4
1950;2.5;1.3;1.3;1.2
1951;2.0;1.7;1.3;1.6
1952;2.8;1.2;1.2;1.4
1953;2.2;1.6;1.3;1.7
1954;2.2;1.3;1.2;1.4
1955;1.5;1.5;1.4;1.0
1956;3.4;1.5;1.6;1.7
1957;1.7;1.4;1.2;1.2
1958;2.3;1.3;1.1;1.4
1959;2.0;1.3;1.1;1.3
1960;2.3;1.4;1.1;1.8
1961;2.5;1.6;1.5;1.0
1962;2.4;1.7;1.4;1.2
1963;4.2;1.7;1.6;1.1
1964;2.6;1.7;1.3;1.3
1965;1.7;1.2;1.1;1.2
1966;2.7;1.6;1.6;1.0
1967;2.4;2.1;1.5;1.0
1968;3.1;2.2;2.0;1.2
1969;2.8;1.7;1.6;1.5
1970;3.4;1.7;1.5;1.2
1971;3.0;1.6;1.9;1.2
1972;1.5;2.9;1.7;1.0
1973;3.3;2.0;1.4;1.6
1974;1.9;1.9;1.4;1.5
1975;2.0;1.6;1.4;1.2
1976;2.4;1.8;1.3;1.1
1977;2.3;1.4;1.2;1.1
1978;1.8;1.2;1.0;1.1
1979;2.1;1.7;1.3;1.0
1980;3.1;2.1;1.1;1.0
1981;2.8;2.0;1.1;1.0
1982;1.6;1.6;1.0;1.0
1983;3.3;2.1;1.2;1.0
1984;2.1;1.3;1.1;1.0
1985;4.0;2.0;1.1;1.0
1986;3.5;2.2;1.1;1.0
1987;1.9;1.8;1.1;1.0
1988;2.0;1.5;1.0;1.0
1989;3.6;2.2;1.3;1.0
1990;3.1;1.4;1.0;1.0
1991;2.8;1.5;1.0;1.0
1992;1.9;1.4;1.1;1.0
1993;2.6;1.8;1.0;1.0
1994;1.7;1.4;1.0;1.1
1995;4.2;1.7;1.2;1.0
1996;3.3;1.8;1.2;1.0
1997;4.2;1.7;1.0;1.1
1998;2.5;2.0;1.2;1.0
1999;2.7;1.9;1.1;1.0
2000;3.7;1.6;1.4;1.0
2001;2.6;1.8;1.2;1.0
2002;2.1;1.8;1.1;1.0
2003;2.4;2.2;1.2;1.0
2004;1.5;2.4;1.1;1.1
2005;2.1;1.7;1.1;1.0
2006;2.3;1.9;1.1;1.0
2007;2.6;2.2;1.1;1.1
2008;3.0;1.7;1.1;1.0
2009;3.1;2.2;1.1;1.0
2010;2.0;1.6;1.1;1.3
2011;4.3;1.9;1.1;1.1
2012;3.2;1.5;1.1;1.0
2013;3.2;1.9;1.1;1.0
2014;2.7;2.0;1.1;1.1
2015;2.5;2.1;1.1;1.1
2016;3.3;2.3;1.3;1.0
2017;1.6;1.7;1.5;1.0
2018;1.8;2.5;1.4;1.0
2019;3.0;2.6;1.4;1.0
2020;2.2;2.2;1.1;1.1
2021;2.5;2.2;1.3;1.0
2022;2.0;2.3;1.4;1.0
2023;2.4;2.7;1.4;1.0
2024;2.6;1.9;1.1;1.0
2025;3.0;2.8;1.2;1.0
2026;2.8;2.4;1.4;1.0
2027;2.3;2.3;1.4;1.0
2028;3.1;2.3;1.3;1.0
2029;2.3;2.5;1.2;1.0
2030;2.8;2.4;1.4;1.2
2031;2.4;2.5;1.3;1.0
2032;1.9;2.5;1.3;1.0
2033;2.0;2.5;1.3;1.2
2034;2.5;2.3;1.1;1.1
2035;2.8;2.3;1.2;1.0
2036;3.0;2.6;1.3;1.0
2037;2.3;1.9;1.5;1.0
2038;2.1;2.0;1.3;1.0
2039;2.5;3.1;1.4;1.0
2040;3.3;2.2;1.3;1.1
2041;1.9;2.1;1.3;1.0
2042;3.7;2.1;1.7;1.1
2043;1.6;2.3;1.4;1.0
2044;2.8;1.9;1.3;1.4
2045;2.3;2.0;1.1;1.0
2046;3.2;2.3;1.2;1.0
2047;2.3;1.8;1.2;1.1
2048;2.6;2.5;1.2;1.1
2049;3.2;2.4;1.2;1.0
2050;2.5;2.3;1.3;1.0
2051;3.0;1.8;1.1;1.0
2052;2.6;1.9;1.2;1.0
2053;4.0;1.7;1.1;1.2
2054;1.6;1.5;2.0;1.0
2055;2.6;2.1;1.2;1.0
2056;2.3;1.9;1.1;1.0
2057;1.5;1.4;1.1;1.0
2058;2.5;1.9;1.1;1.1
2059;1.9;1.9;1.1;1.0
2060;3.7;2.4;1.2;1.2
2061;3.2;1.7;1.1;1.0
2062;2.5;2.0;1.2;1.0
2063;3.1;1.9;1.2;1.0
2064;2.3;1.5;1.1;1.0
2065;2.7;1.9;1.0;1.0
2066;3.3;2.8;1.4;1.0
2067;2.5;1.9;1.1;1.0
2068;2.5;2.0;1.4;1.0
2069;2.2;1.8;1.2;1.0
2070;1.9;1.7;1.1;1.0
2071;2.6;1.9;1.3;1.0
2072;2.8;2.5;1.3;1.2
2073;1.8;2.5;1.1;1.0
2074;2.8;2.1;1.0;1.0
2075;2.3;2.4;1.4;1.0
2076;2.2;2.1;1.3;1.0
2077;2.4;2.7;1.1;1.0
2078;2.2;2.0;1.2;1.0
2079;2.6;2.1;1.4;1.0
2080;1.8;1.9;1.1;1.0
2081;2.8;2.2;1.1;1.0
2082;2.9;2.1;1.1;1.1
2083;4.3;1.8;1.2;1.0
2084;2.2;2.0;1.1;1.0
2085;2.5;2.3;1.2;1.0
2086;1.8;2.6;1.1;1.0
2087;4.7;2.0;1.2;1.0
2088;2.0;2.3;1.2;1.0
2089;1.8;3.3;1.3;1.0
2090;3.2;1.7;1.1;1.0
2091;2.8;1.5;1.3;1.0
2092;1.4;1.7;1.3;1.0
2093;3.1;1.8;1.1;1.0
2094;1.7;2.0;1.2;1.0
2095;2.6;1.9;1.1;1.0
2096;2.4;2.3;1.6;1.0
2097;2.3;1.9;1.1;1.2
2098;3.5;2.2;1.4;1.0
2099;3.1;2.3;1.4;1.0
2100;2.1;2.4;1.2;1.2
2101;3.9;2.2;1.2;1.0
2102;3.2;2.0;1.2;1.0
2103;3.6;1.9;1.2;1.0
2104;3.2;2.2;1.2;1.2
2105;2.2;2.5;1.1;1.1
2106;2.3;2.2;1.2;1.0
2107;3.5;2.0;1.1;1.1
2108;4.0;2.1;1.2;1.0
2109;3.3;2.3;1.1;1.0
2110;3.3;1.9;1.1;1.1
2111;3.3;1.8;1.0;1.0
2112;3.0;2.2;1.5;1.1
2113;3.2;1.8;1.1;1.0
2114;2.8;2.1;1.2;1.0
2115;1.7;1.5;1.1;1.0
2116;2.8;2.0;1.2;1.0
2117;1.5;1.3;1.0;1.0
2118;3.1;1.8;1.1;1.0
2119;2.0;1.8;1.1;1.2
2120;1.5;1.6;1.1;1.0
2121;2.9;2.1;1.4;1.1
2122;1.8;1.8;1.1;1.0
2123;2.2;2.1;1.2;1.1
2124;2.4;2.0;1.1;1.0
2125;3.1;1.9;1.2;1.0
2126;2.3;1.7;1.1;1.0
2127;2.6;2.4;1.4;1.0
2128;2.3;2.0;1.1;1.0
2129;1.6;1.5;1.1;1.0
2130;2.6;1.9;1.3;1.0
2131;1.7;1.3;1.0;1.1
2132;1.7;1.7;1.1;1.3
2133;2.7;1.7;1.1;1.1
2134;2.4;1.8;1.1;1.0
2135;2.1;1.9;1.2;1.2
2136;1.9;1.8;1.1;1.0
2137;2.0;1.5;1.2;1.0
2138;1.8;1.4;1.0;1.2
2139;1.8;1.2;1.0;1.0
2140;1.1;1.2;1.0;1.0
2141;1.9;1.7;1.0;1.0
2142;1.1;1.1;1.0;1.0
2143;1.2;1.4;1.0;1.0
2144;1.5;1.3;1.1;1.2
2145;1.3;1.8;1.2;1.0
2146;1.4;1.4;1.3;1.1
2147;1.3;1.7;1.2;1.0
2148;1.2;1.3;1.2;1.0
2149;1.3;1.2;1.2;1.1
2150;1.8;1.5;1.3;1.2
2151;1.2;1.6;1.2;1.1
2152;1.3;1.5;1.2;1.2
2153;1.3;2.3;1.2;1.0
2154;1.6;1.8;1.2;1.1
2155;1.4;1.5;1.2;1.2
2156;1.3;1.2;1.1;1.0
2157;1.2;1.4;1.1;1.0
2158;1.4;1.7;1.3;1.4
2159;1.6;1.7;1.0;1.2
2160;1.6;1.4;2.7;1.1
2161;1.3;1.7;1.3;1.1
2162;1.1;1.5;1.3;1.2
2163;1.4;1.6;1.3;1.1
2164;2.0;1.9;1.0;1.0
2165;2.0;1.4;1.4;1.0
2166;1.6;1.4;1.1;1.0
2167;1.1;1.4;1.1;1.0
2168;1.4;1.9;1.2;1.2
2169;2.0;2.1;1.3;1.1
2170;1.3;1.7;1.1;1.1
2171;1.2;1.8;1.1;1.2
2172;1.4;1.8;1.4;1.0
2173;1.2;1.6;1.2;1.0
2174;1.6;2.8;1.6;1.0
2175;1.6;2.4;1.4;1.0
2176;1.4;2.6;1.6;1.1
2177;1.4;2.3;1.3;1.0
2178;1.4;2.7;1.6;1.0
2179;1.9;3.3;1.3;1.0
2180;1.3;2.3;1.4;1.0
2181;1.4;2.8;1.4;1.2
2182;1.5;2.5;1.5;1.1
2183;1.4;2.7;1.5;1.0
2184;1.4;2.8;1.4;1.0
2185;1.6;3.0;1.6;1.0
2186;1.6;2.7;1.5;1.0
2187;1.3;2.7;1.6;1.0
2188;1.3;2.4;1.4;1.0
2189;1.6;2.6;1.4;1.0
2190;1.7;2.8;1.5;1.0
2191;1.2;2.4;1.5;1.1
2192;1.4;2.5;1.4;1.0
2193;1.3;2.8;1.5;1.0
2194;1.8;2.4;1.4;1.0
2195;1.7;3.6;1.8;1.1
2196;1.3;3.4;1.7;1.0
2197;1.7;2.6;1.5;1.0
2198;1.7;3.1;1.5;1.0
2199;1.5;2.5;1.5;1.1
2200;1.4;2.5;1.5;1.0
2201;1.6;3.1;1.5;1.0
2202;1.5;3.2;1.6;1.0
2203;1.6;4.3;1.4;1.0
2204;1.4;3.7;1.7;1.0
2205;1.4;2.5;1.4;1.0
2206;1.2;3.0;2.0;1.0
2207;1.4;2.6;1.6;1.0
2208;1.7;1.5;1.2;1.0
2209;3.1;1.8;1.4;1.0
2210;2.2;1.9;1.3;1.0
2211;3.5;2.1;1.8;1.0
2212;2.9;2.0;1.6;1.0
2213;2.6;1.8;1.3;1.0
2214;2.3;1.6;1.3;1.3
2215;1.9;2.2;1.3;1.0
2216;2.8;2.0;1.6;1.0
2217;2.6;1.6;1.2;1.0
2218;2.4;1.6;1.3;1.1
2219;1.6;1.8;1.1;1.0
2220;3.4;1.9;1.4;1.0
2221;3.6;1.9;1.5;1.0
2222;2.5;2.0;1.5;1.0
2223;2.3;1.9;1.4;1.0
2224;2.0;1.5;1.4;1.0
2225;2.9;1.8;1.5;1.0
2226;2.3;1.7;1.5;1.0
2227;3.2;1.8;1.4;1.0
2228;2.9;2.3;1.6;1.2
2229;3.4;1.6;1.4;1.0
2230;2.6;2.0;1.7;1.0
2231;2.5;2.0;1.4;1.1
2232;3.6;2.2;1.8;1.1
2233;2.1;2.0;1.2;1.0
2234;2.5;2.2;1.3;1.0
2235;2.3;1.3;1.1;1.2
2236;2.7;2.1;1.5;1.0
2237;3.7;1.7;1.1;1.0
2238;1.7;2.1;1.2;1.0
2239;2.4;2.0;1.4;1.0
2240;2.3;1.6;1.7;1.0
2241;3.6;2.3;1.7;1.0
2242;2.2;2.2;1.7;1.0
2243;3.3;1.7;1.4;1.0
2244;2.9;2.1;1.5;1.0
2245;2.9;1.7;1.2;1.1
2246;2.8;2.1;1.7;1.1
2247;4.3;2.0;1.7;1.0
2248;3.6;3.1;1.8;1.1
2249;2.8;2.1;1.4;1.0
2250;2.9;2.1;1.4;1.0
2251;3.3;2.3;1.5;1.0
2252;2.9;1.9;1.4;1.3
2253;2.7;2.1;1.6;1.0
2254;3.0;1.8;1.7;1.1
2255;3.2;2.1;1.4;1.0
2256;1.9;2.6;1.5;1.1
2257;2.6;1.3;1.2;1.0
2258;4.4;2.5;2.1;1.0
2259;1.6;1.1;1.1;1.0
2260;2.2;2.1;1.3;1.1
2261;1.8;1.9;1.1;1.0
2262;1.7;1.9;1.1;1.1
2263;1.6;1.4;1.1;1.1
2264;1.5;1.5;1.1;1.0
2265;1.9;1.7;1.2;1.0
2266;1.8;2.0;1.3;1.1
2267;1.3;1.8;1.3;1.0
2268;2.3;1.7;1.2;1.2
2269;1.8;1.7;1.2;1.0
2270;1.8;2.9;1.7;1.0
2271;1.8;1.8;1.2;1.1
2272;1.9;1.6;1.3;1.0
2273;2.2;2.4;1.2;1.1
2274;2.0;2.1;1.4;1.0
2275;1.8;2.1;1.3;1.1
2276;2.3;1.9;1.2;1.0
2277;2.0;1.9;1.3;1.0
2278;1.7;2.4;1.6;1.0
2279;2.7;1.8;1.1;1.0
2280;1.9;1.8;1.2;1.0
2281;2.4;2.5;1.4;1.0
2282;1.9;2.4;1.3;1.0
2283;2.2;2.2;1.2;1.0
2284;1.4;1.7;1.3;1.1
2285;1.6;1.4;1.0;1.0
2286;2.0;1.8;1.3;1.0
2287;1.8;2.6;1.3;1.0
2288;1.7;2.0;1.3;1.0
2289;2.1;2.1;1.6;1.0
2290;1.8;1.8;1.2;1.1
2291;2.5;1.6;1.5;1.0
2292;1.8;1.8;1.3;1.0
2293;2.0;2.2;1.3;1.0
2294;2.2;2.1;1.4;1.2
2295;2.0;2.0;1.3;1.0
2296;2.1;2.0;1.3;1.1
2297;2.3;1.9;1.4;1.1
2298;1.4;1.5;1.6;1.0
2299;1.7;1.6;1.6;1.0
2300;1.9;1.7;1.4;1.1
2301;1.4;1.6;1.4;1.2
2302;1.5;1.4;1.5;1.2
2303;1.1;1.6;1.5;1.0
2304;1.2;1.5;1.5;1.0
2305;1.2;1.1;1.1;1.0
2306;1.2;1.3;1.1;1.0
2307;1.2;1.1;1.0;1.0
2308;1.0;1.0;1.0;1.0
2309;1.1;1.2;1.1;1.0
2310;1.0;1.2;1.1;1.0
2311;1.0;1.0;1.0;1.0
2312;1.0;1.0;1.0;1.0
2313;1.2;1.2;1.1;1.0
2314;2.0;1.5;1.2;1.0
2315;2.1;1.3;1.4;1.0
2316;2.8;1.7;1.4;1.0
2317;1.5;2.1;1.2;1.1
2318;2.3;1.9;1.3;1.0
2319;1.5;1.8;1.2;1.1
2320;2.5;1.6;1.5;1.0
2321;2.7;1.6;1.9;1.0
2322;2.1;1.8;1.3;1.0
2323;2.1;1.6;1.3;1.0
2324;2.5;2.8;1.8;1.0
2325;2.8;1.9;1.8;1.0
2326;2.7;1.3;1.9;1.3
2327;3.9;1.8;1.8;1.2
2328;1.9;1.7;1.4;1.2
2329;2.1;1.3;1.7;1.2
2330;3.2;1.3;1.4;1.0
2331;1.9;2.5;1.4;1.1
2332;2.8;1.4;1.6;1.0
2333;2.7;1.6;1.8;1.0
2334;2.9;1.4;1.6;1.1
2335;1.6;2.2;1.2;1.0
2336;1.8;2.0;1.1;1.0
2337;2.0;2.2;1.3;1.0
2338;1.8;2.5;1.4;1.0
2339;1.7;2.3;1.2;1.0
2340;2.3;2.3;1.2;1.0
2341;1.4;1.9;1.1;1.0
2342;1.8;2.5;1.1;1.0
2343;1.6;2.2;1.3;1.2
2344;1.5;1.6;1.1;1.0
2345;1.5;2.3;1.2;1.0
2346;1.9;2.2;1.3;1.0
2347;1.6;2.0;1.2;1.2
2348;1.9;2.5;1.2;1.0
2349;2.4;2.7;1.3;1.0
2350;1.4;1.9;1.2;1.0
2351;1.8;4.3;1.4;1.0
2352;1.5;2.4;1.2;1.1
2353;1.3;2.2;1.4;1.0
2354;1.9;2.9;1.5;1.0
2355;1.3;2.4;1.2;1.0
2356;1.6;2.2;1.2;1.0
2357;1.9;1.8;1.1;1.0
2358;2.7;2.5;1.3;1.2
2359;1.5;2.9;1.4;1.1
2360;1.6;2.1;1.1;1.1
2361;1.6;2.7;1.5;1.0
2362;1.4;2.6;1.4;1.1
2363;1.6;2.1;1.1;1.0
2364;1.7;3.2;1.2;1.0
2365;1.7;2.7;1.4;1.0
2366;1.5;2.1;1.2;1.0
2367;1.6;1.9;1.3;1.0
2368;1.9;2.6;1.5;1.0
2369;1.9;3.1;1.7;1.0
2370;1.8;2.3;1.1;1.0
2371;1.7;1.7;1.1;1.0
2372;1.9;1.8;1.2;1.0
2373;1.3;1.4;1.1;1.0
2374;1.9;2.3;1.4;1.0
2375;1.5;1.9;1.0;1.0
2376;1.6;2.4;1.2;1.2
2377;1.6;1.9;1.2;1.0
2378;1.3;1.6;1.1;1.0
2379;1.8;2.0;1.4;1.0
2380;1.7;2.0;1.1;1.0
2381;1.6;1.7;1.4;1.0
2382;2.0;2.0;1.2;1.2
2383;1.7;2.6;1.4;1.0
2384;3.0;2.1;1.7;1.0
2385;1.6;2.3;1.5;1.1
2386;1.7;2.0;1.2;1.2
2387;2.2;2.4;1.5;1.0
2388;1.9;2.1;1.3;1.0
2389;1.9;2.5;1.4;1.1
2390;2.1;2.1;1.3;1.0
2391;1.7;2.3;1.2;1.0
2392;2.7;2.4;1.3;1.0
2393;2.2;2.1;1.3;1.0
2394;2.1;2.5;1.4;1.0
2395;1.5;2.3;1.4;1.1
2396;1.3;2.0;1.2;1.0
2397;1.9;2.3;1.3;1.1
2398;1.8;1.9;1.2;1.0
2399;1.3;1.1;1.1;1.0
2400;2.5;1.2;1.0;1.0
2401;1.4;1.8;1.3;1.0
2402;1.5;1.6;1.2;1.0
2403;2.4;2.2;1.2;1.0
2404;2.4;1.7;1.1;1.1
2405;2.6;1.7;1.2;1.1
2406;1.9;2.2;1.1;1.1
2407;2.1;1.6;1.1;1.0
2408;1.7;1.7;1.3;1.0
2409;1.9;2.6;1.2;1.6
2410;2.0;2.5;1.5;1.1
2411;2.3;1.9;1.1;1.0
2412;2.2;1.9;1.1;1.2
2413;2.2;2.5;1.2;1.1
2414;1.8;1.8;1.2;1.5
2415;1.4;1.7;2.4;1.4
2416;2.0;2.2;1.2;1.4
2417;1.2;1.7;1.4;1.0
2418;2.0;1.7;1.1;1.2
2419;1.5;1.6;1.1;1.2
2420;1.9;1.9;1.2;1.0
2421;1.6;1.8;1.1;1.1
2422;1.6;2.6;1.2;1.0
2423;2.7;2.0;1.2;1.0
2424;1.5;1.3;1.2;1.4
2425;1.3;1.3;1.0;1.1
2426;1.7;1.9;1.8;1.2
2427;1.1;1.4;1.1;1.1
2428;1.3;1.5;1.2;1.0
2429;1.3;1.4;1.1;1.0
2430;1.2;1.2;1.4;1.0
2431;1.1;1.0;1.0;1.0
2432;1.2;1.6;2.2;1.2
2433;1.3;1.8;2.8;1.2
2434;1.3;1.7;3.5;1.8
2435;1.1;1.4;3.8;1.5
2436;1.3;1.8;3.4;1.3
2437;1.2;1.7;2.8;1.2
2438;1.2;2.8;3.1;1.1
2439;1.2;1.6;2.8;1.2
2440;1.4;1.6;4.2;1.6
2441;1.1;2.0;3.3;1.0
2442;1.1;2.4;3.1;1.0
2443;1.2;2.1;2.7;1.0
2444;1.1;2.1;2.8;1.1
2445;1.3;2.5;2.8;1.0
2446;1.1;1.5;2.8;1.0
2447;1.3;2.9;3.8;1.1
2448;1.1;2.5;2.5;1.0
2449;1.1;1.7;2.9;1.0
2450;1.2;1.7;2.3;1.1
2451;1.3;3.1;3.5;1.0
2452;1.6;2.9;3.1;1.0
2453;1.3;2.2;3.4;1.2
2454;1.4;2.6;4.0;1.1
2455;1.3;1.8;4.2;1.0
2456;1.6;2.1;4.1;1.1
2457;1.6;2.6;3.1;1.0
2458;1.2;2.5;3.3;1.0
2459;1.1;1.1;1.4;1.0
2460;1.2;2.9;3.1;1.0
2461;1.0;1.5;2.5;1.0
2462;1.1;2.3;2.3;1.0
2463;1.1;2.1;2.8;1.0
2464;1.1;2.2;3.3;1.0
2465;1.3;2.0;3.4;1.1
2466;1.1;1.7;2.7;1.1
2467;1.2;2.0;2.2;1.1
2468;1.1;3.6;3.1;1.2
2469;1.3;1.8;3.2;1.0
2470;1.2;2.4;2.5;1.0
2471;1.1;2.6;2.8;1.0
2472;1.2;2.3;3.3;1.1
2473;1.2;2.9;3.2;1.0
2474;1.1;2.4;3.0;1.0
2475;1.1;2.8;3.2;1.0
2476;1.3;2.4;3.4;1.0
2477;1.3;2.5;4.4;1.0
2478;1.1;2.1;3.5;1.0
2479;1.3;2.1;3.1;1.2
2480;1.1;2.0;2.5;1.0
2481;1.0;1.7;3.1;1.0
2482;1.1;1.9;2.4;1.2
2483;1.2;1.8;3.3;1.0
2484;1.1;1.9;3.3;1.1
2485;1.0;1.5;2.5;1.0
2486;1.3;1.6;2.8;4.0
2487;1.3;1.5;2.4;5.0
2488;1.2;1.8;3.1;3.4
2489;3.1;2.2;1.1;1.0
2490;2.1;2.3;1.1;1.0
2491;2.7;2.3;1.1;1.1
2492;2.7;2.0;1.1;1.0
2493;3.2;1.7;1.0;1.0
2494;2.7;2.0;1.0;1.0
2495;2.3;2.7;1.1;1.1
2496;3.7;1.7;1.2;1.0
2497;4.7;2.3;1.2;1.0
2498;2.0;2.7;1.1;1.0
2499;4.0;1.9;1.1;1.0
2500;2.8;2.6;1.4;1.0
2501;2.1;2.1;1.1;1.0
2502;3.3;1.6;1.1;1.1
2503;2.8;1.9;1.1;1.1
2504;2.1;1.8;1.1;1.0
2505;1.7;2.6;1.2;1.1
2506;2.4;2.2;1.5;1.3
2507;3.1;1.8;1.1;1.0
2508;1.5;1.6;1.0;1.2
2509;2.8;2.5;1.1;1.0
2510;3.3;1.9;1.1;1.0
2511;2.2;2.1;1.1;1.2
2512;3.5;2.4;1.2;1.1
2513;1.7;2.0;1.1;1.0
2514;1.7;1.8;1.1;1.0
2515;2.4;2.2;1.3;1.0
2516;2.7;1.8;1.2;1.0
2517;2.9;2.3;1.0;1.0
2518;2.6;2.1;1.2;1.0
2519;2.4;2.2;1.0;1.0
2520;1.6;2.1;1.1;1.0
2521;4.0;1.8;1.1;1.0
2522;1.9;2.1;1.0;1.1
2523;3.2;2.7;1.1;1.0
2524;3.5;2.1;1.2;1.0
2525;3.0;1.6;1.1;1.0
2526;3.2;1.8;1.1;1.0
2527;2.3;1.8;1.1;1.0
2528;2.3;3.1;1.2;1.0
2529;2.7;2.0;1.1;1.2
2530;3.4;1.8;1.1;1.0
2531;2.8;1.9;1.0;1.0
2532;3.6;1.5;1.1;1.0
2533;3.5;1.7;1.2;1.0
2534;4.2;2.1;1.1;1.0
2535;2.3;2.9;1.0;1.0
2536;2.9;2.7;1.3;1.0
2537;2.4;1.9;1.1;1.0
2538;4.0;1.5;1.1;1.0
2539;2.7;1.9;1.1;1.0
2540;3.2;1.3;1.0;1.0
2541;3.4;1.4;1.1;1.0
2542;4.5;1.9;1.2;1.1
2543;3.0;1.7;1.1;1.0
2544;2.7;1.8;1.0;1.0
2545;3.3;1.5;1.2;1.0
2546;3.8;2.2;1.1;1.2
2547;3.2;1.9;1.1;1.0
2548;3.9;1.8;1.2;1.0
2549;3.2;1.7;1.2;1.1
2550;4.5;1.7;1.1;1.0
2551;2.4;3.1;1.3;1.0
2552;2.4;2.1;1.2;1.1
2553;2.1;1.6;1.1;1.1
2554;3.4;2.2;1.2;1.2
2555;2.4;1.9;1.5;1.0
2556;2.4;2.1;1.1;1.0
2557;2.7;1.9;1.1;1.1
2558;3.4;1.8;1.2;1.2
2559;2.4;2.1;1.2;1.1
2560;2.8;1.9;1.2;1.0
2561;1.2;1.2;1.1;1.8
2562;2.7;1.7;1.3;1.0
2563;3.2;1.9;1.2;1.0
2564;2.7;1.7;1.1;1.0
2565;2.4;1.5;1.3;1.0
2566;2.4;4.1;1.1;1.0
2567;2.4;1.7;1.2;1.1
2568;3.4;1.9;1.1;1.0
2569;4.0;1.9;1.2;1.1
2570;2.3;1.7;1.1;1.0
2571;3.1;1.7;1.2;1.0
2572;3.3;1.7;1.1;1.0
2573;2.1;1.6;1.1;1.0
2574;1.7;1.5;1.0;1.5
2575;1.3;1.7;1.1;1.0
2576;1.8;2.0;1.8;1.2
2577;2.3;2.0;1.1;1.1
2578;2.8;1.7;1.1;1.1
2579;2.7;1.7;1.3;1.0
2580;3.6;2.5;1.3;1.0
2581;2.2;2.1;1.1;1.0
2582;1.6;1.3;1.5;1.0
2583;3.8;1.6;1.1;1.1
2584;3.0;1.7;1.2;1.0
2585;2.4;1.8;1.2;1.0
2586;2.2;2.2;1.6;1.0
2587;3.1;2.0;1.2;1.0
2588;2.3;2.5;1.2;1.0
2589;2.4;1.9;1.2;1.0
2590;2.6;1.9;1.0;1.3
2591;2.7;2.4;1.2;2.5
2592;4.3;2.1;1.2;1.0
2593;3.8;2.1;1.1;1.0
2594;2.7;1.9;1.1;1.0
2595;2.7;2.2;1.4;1.0
2596;3.4;1.7;1.1;1.0
2597;3.2;2.7;1.4;1.0
2598;2.7;1.7;1.1;1.0
2599;2.8;2.6;1.4;1.0
2600;1.8;2.0;1.3;1.0
2601;2.2;2.0;1.3;2.0
2602;3.1;1.8;1.1;1.0
2603;2.6;1.8;1.1;1.0
2604;2.6;2.1;1.2;1.0
2605;3.2;2.0;1.3;1.1
2606;2.9;2.7;1.6;1.0
2607;2.7;1.8;1.1;1.0
2608;1.9;1.7;1.0;2.5
2609;1.8;1.5;1.0;1.0
2610;3.0;2.8;1.7;1.0
2611;2.1;1.5;1.2;1.0
2612;3.1;1.8;1.2;1.0
2613;2.0;1.3;1.1;1.2
2614;2.0;1.5;1.1;1.1
2615;2.5;2.0;1.2;1.0
2616;1.8;1.2;1.0;1.0
2617;2.6;1.8;1.2;1.0
2618;2.0;1.6;1.1;1.0
2619;2.4;1.7;1.1;1.0
2620;3.0;1.6;1.1;1.0
2621;3.6;2.0;1.3;1.0
2622;1.8;1.3;1.0;1.0
2623;2.4;1.9;1.2;1.0
2624;2.1;1.5;1.2;1.0
2625;2.7;1.7;1.1;1.2
2626;3.6;1.9;1.2;1.0
2627;2.4;1.4;1.0;1.1
2628;2.0;1.4;1.0;1.0
2629;2.8;1.7;1.0;1.1
2630;2.2;1.4;1.1;1.0
2631;2.4;2.0;1.1;2.2
2632;2.6;1.4;1.2;1.0
2633;2.4;1.9;1.1;1.0
2634;2.7;1.5;1.1;1.0
2635;2.9;2.0;1.3;1.0
2636;2.6;1.7;1.1;1.0
2637;3.1;1.7;1.1;1.0
2638;3.3;1.8;1.2;1.2
2639;2.1;1.6;1.1;1.0
2640;2.5;1.5;1.0;1.0
2641;2.8;1.8;1.1;1.0
2642;2.7;1.9;1.2;1.0
2643;2.8;1.9;1.1;1.0
2644;3.5;2.1;1.1;1.0
2645;2.2;1.5;1.2;1.0
2646;2.5;1.6;1.1;1.0
2647;2.4;1.6;1.0;1.0
2648;2.7;1.7;1.1;1.0
2649;2.4;1.8;1.2;1.0
2650;3.2;1.9;1.3;1.0
2651;2.9;2.3;1.3;1.0
2652;3.0;1.8;1.1;1.1
2653;1.2;1.2;1.0;1.0
2654;2.8;1.5;1.2;1.0
2655;2.2;1.5;1.1;1.0
2656;1.9;1.5;1.1;1.0
2657;2.1;1.7;1.0;1.0
2658;3.5;1.9;1.0;1.0
2659;2.3;2.4;1.2;1.0
2660;4.0;2.2;1.1;1.0
2661;3.1;2.0;1.2;1.0
2662;1.5;2.1;1.1;1.0
2663;3.9;1.9;1.2;1.0
2664;2.2;1.9;1.2;1.0
2665;2.3;1.8;1.1;1.0
2666;3.7;1.4;1.1;1.0
2667;2.4;2.0;1.1;1.0
2668;3.0;1.9;1.1;1.1
2669;2.5;1.8;1.1;1.0
2670;2.0;1.8;1.1;1.1
2671;2.1;1.7;1.2;1.0
2672;2.6;1.6;1.0;1.0
2673;3.8;1.9;1.2;1.0
2674;3.1;2.1;1.0;1.0
2675;2.5;1.8;1.0;1.0
2676;2.8;1.9;1.1;1.0
2677;5.0;2.3;1.2;1.0
2678;2.5;1.8;1.0;1.0
2679;3.2;1.5;1.2;1.2
2680;2.8;2.0;1.0;1.1
2681;2.6;2.9;1.2;1.2
2682;2.1;2.3;1.2;1.0
2683;2.1;1.5;1.1;1.0
2684;2.1;1.6;1.0;1.0
2685;4.4;1.7;1.2;1.0
2686;2.7;2.2;1.2;1.1
2687;2.2;1.4;1.0;1.0
2688;3.0;1.6;1.1;1.0
2689;3.4;2.2;1.1;1.1
2690;3.8;2.7;1.2;1.2
2691;2.8;1.7;1.1;1.0
2692;1.9;1.9;1.1;1.0
2693;2.2;2.2;1.1;1.0
2694;2.9;1.9;1.2;1.0
2695;2.3;2.6;1.2;1.0
2696;3.9;2.8;1.4;1.0
2697;2.4;2.1;1.1;1.0
2698;2.4;2.7;1.4;1.2
2699;2.7;1.8;1.2;1.0
2700;2.2;2.1;1.2;1.0
2701;3.8;2.7;1.2;1.0
2702;2.8;2.7;1.3;1.1
2703;1.8;2.0;1.2;1.0
2704;2.9;1.9;1.1;1.0
2705;3.1;2.2;1.1;1.0
2706;1.5;1.8;1.2;1.0
2707;2.9;2.6;1.4;1.1
2708;3.6;1.7;1.1;1.0
2709;2.8;2.2;1.3;1.0
2710;2.8;1.8;1.1;1.0
2711;3.1;2.4;1.3;1.2
2712;2.5;2.2;1.2;1.0
2713;2.0;2.0;1.2;1.0
2714;4.4;2.2;1.2;1.1
2715;1.9;2.2;1.1;1.1
2716;3.5;2.0;1.2;1.0
2717;2.3;2.5;1.2;1.0
2718;2.7;2.3;1.1;1.0
2719;2.4;2.0;1.2;1.0
2720;2.3;2.0;1.2;1.0
2721;1.4;2.2;1.1;1.0
2722;2.1;1.9;2.3;1.2
2723;3.1;2.2;1.2;1.1
2724;3.7;2.1;1.0;1.0
2725;2.5;2.1;1.2;1.0
2726;2.3;1.9;1.2;1.0
2727;2.5;1.8;1.1;1.1
2728;2.9;2.3;1.1;1.1
2729;1.9;1.9;1.1;1.0
2730;2.2;1.8;1.4;1.0
2731;2.8;2.4;1.3;1.0
2732;1.6;2.1;1.2;1.2
2733;2.4;2.2;1.2;1.0
2734;3.2;2.2;1.2;1.2
2735;2.9;2.5;1.1;1.0
2736;1.7;2.5;1.1;1.0
2737;2.3;2.4;1.2;1.0
2738;1.7;1.8;1.1;1.0
2739;2.1;2.0;1.1;1.0
2740;2.0;2.1;1.2;1.1
2741;1.9;2.1;1.1;1.0
2742;2.1;2.0;1.3;1.2
2743;2.3;3.2;1.3;1.0
2744;2.5;2.0;1.5;1.0
2745;1.9;2.4;1.2;1.2
2746;1.8;2.6;1.3;1.0
2747;1.5;2.5;1.3;1.0
2748;1.9;2.8;1.4;1.0
2749;1.4;2.4;1.2;1.0
2750;2.0;2.8;1.8;1.0
2751;1.6;3.0;1.1;1.0
2752;2.1;2.4;1.2;1.0
2753;2.0;2.2;1.5;1.0
2754;2.2;2.9;1.2;1.0
2755;2.1;1.8;1.3;1.0
2756;1.3;2.3;1.5;1.0
2757;1.4;2.2;1.4;1.0
2758;3.2;2.4;1.9;1.1
2759;1.7;2.6;1.3;1.1
2760;2.4;1.9;1.4;1.1
2761;1.6;3.2;1.4;1.0
2762;1.4;3.7;1.2;1.0
2763;3.9;2.6;1.7;1.1
2764;1.6;1.7;1.1;1.0
2765;2.4;2.4;1.3;1.0
2766;2.5;2.5;1.9;1.0
2767;1.9;2.0;1.2;1.0
2768;1.6;4.1;1.8;1.3
2769;2.0;1.6;1.2;1.0
2770;1.3;3.2;1.8;1.0
2771;2.7;2.3;1.4;1.0
2772;1.6;3.3;1.9;1.1
2773;2.0;2.5;1.3;1.0
2774;2.7;2.6;1.4;1.0
2775;1.2;2.0;1.2;1.0
2776;1.5;2.9;1.5;1.0
2777;1.8;2.3;1.5;1.1
2778;1.5;2.6;1.4;1.1
2779;1.4;2.6;1.6;1.0
2780;1.6;2.1;1.2;1.0
2781;1.3;2.0;1.3;1.1
2782;1.8;2.5;1.6;1.1
2783;2.8;2.3;1.2;1.0
2784;1.3;2.1;1.5;1.0
2785;1.3;2.5;1.3;1.0
2786;1.6;3.6;1.6;1.1
2787;1.5;2.6;1.4;1.0
2788;1.3;3.2;1.7;1.0
2789;1.7;2.4;1.6;1.0
2790;1.6;2.4;1.4;1.0
2791;1.5;2.4;1.6;1.0
2792;1.4;2.5;1.5;1.0
2793;1.4;2.9;1.6;1.0
2794;1.4;2.7;1.7;1.0
2795;1.4;2.4;2.7;1.0
2796;1.4;3.1;1.5;1.0
2797;1.8;2.8;1.6;1.0
2798;1.2;2.1;1.4;1.0
2799;1.6;2.9;1.3;1.2
2800;1.6;2.4;1.4;1.0
2801;1.4;3.0;1.7;1.0
2802;1.6;2.1;1.8;1.0
2803;1.5;2.8;1.9;1.1
2804;1.5;2.9;1.7;1.0
2805;1.5;2.4;1.3;1.1
2806;1.6;2.9;1.5;1.0
2807;1.9;2.5;1.5;1.1
2808;1.9;3.1;1.6;1.0
2809;1.6;2.2;1.5;1.1
2810;1.5;2.3;1.6;1.0
2811;1.8;3.0;1.6;1.0
2812;1.4;2.7;1.6;1.0
2813;1.5;2.3;1.5;1.0
2814;1.5;2.9;1.7;1.0
2815;1.2;2.6;2.0;1.0
2816;2.1;1.6;1.7;1.1
2817;1.4;1.7;1.6;1.0
2818;1.5;1.9;2.0;1.1
2819;1.8;1.6;1.6;1.2
2820;1.2;1.7;1.5;1.1
2821;1.6;2.0;1.9;1.0
2822;1.6;2.7;1.8;1.5
2823;1.7;2.2;1.8;1.0
2824;2.5;1.8;1.8;1.0
2825;1.2;2.1;1.4;1.0
2826;1.7;1.8;1.6;1.0
2827;1.4;2.6;2.0;1.1
2828;1.2;2.1;1.7;1.1
2829;2.1;1.7;2.4;1.2
2830;1.5;1.9;1.6;1.2
2831;1.7;2.8;1.5;1.0
2832;1.6;1.9;1.9;1.0
2833;1.2;2.0;1.6;1.1
2834;1.9;2.4;2.0;1.2
2835;2.4;2.3;2.2;1.1
2836;2.4;2.1;1.9;1.1
2837;1.3;1.8;2.5;1.0
2838;1.4;1.8;1.4;1.1
2839;1.8;2.4;1.9;1.2
2840;1.7;2.1;1.6;1.1
2841;1.5;2.2;1.8;1.0
2842;1.4;2.3;1.6;1.1
2843;1.4;2.7;1.9;1.1
2844;1.1;3.0;2.0;1.0
2845;1.3;2.1;1.4;1.1
2846;1.9;2.5;2.7;1.0
2847;1.4;2.0;1.8;1.1
2848;1.5;2.3;1.3;1.1
2849;1.5;2.1;2.3;1.2
2850;1.9;1.9;1.7;1.4
2851;1.6;2.7;2.2;1.0
2852;1.3;1.7;1.8;1.0
2853;1.7;2.0;1.5;1.0
2854;1.7;2.1;1.7;1.2
2855;1.9;2.4;1.9;1.1
2856;1.7;1.7;1.1;1.2
2857;1.5;2.9;1.3;1.0
2858;2.3;2.2;1.5;1.0
2859;1.7;2.4;1.6;1.0
2860;1.9;2.1;1.2;1.2
2861;2.6;2.1;1.3;1.0
2862;1.8;2.1;1.4;1.0
2863;1.9;2.1;1.4;1.0
2864;2.0;2.3;1.6;1.1
2865;1.9;1.9;1.3;1.0
2866;3.0;2.5;1.5;1.1
2867;2.0;2.4;1.6;1.0
2868;2.1;2.5;1.7;1.0
2869;1.7;2.9;1.8;1.1
2870;2.8;2.8;1.5;1.0
2871;2.5;2.1;1.3;1.1
2872;2.8;2.4;1.4;1.0
2873;1.5;2.5;1.5;1.0
2874;2.3;2.1;1.6;1.2
2875;1.8;2.6;1.5;1.0
2876;2.2;1.9;1.5;1.0
2877;2.0;2.3;1.3;1.0
2878;2.1;2.4;1.5;1.0
2879;1.8;2.0;1.4;1.2
2880;2.4;2.8;1.8;1.0
2881;2.1;2.2;1.4;1.1
2882;2.0;2.0;1.3;1.2
2883;1.6;2.4;1.5;1.0
2884;2.1;2.2;1.4;1.1
2885;1.3;2.1;1.3;1.0
2886;2.7;2.8;1.6;1.0
2887;2.0;2.0;1.3;1.0
2888;1.7;1.4;1.2;1.4
2889;2.9;2.1;1.4;1.1
2890;2.6;2.0;1.6;1.0
2891;1.3;1.6;1.6;1.2
2892;1.2;1.4;1.1;1.0
2893;1.7;1.8;1.4;1.0
2894;2.0;1.9;1.6;1.1
2895;1.5;1.8;1.5;1.1
2896;1.5;2.2;2.0;1.7
2897;1.5;1.6;1.5;1.0
2898;1.3;2.3;1.9;1.2
2899;1.6;2.1;1.8;1.1
2900;1.3;2.0;1.7;1.0
2901;1.1;2.0;1.8;1.0
2902;1.4;2.1;1.7;1.0
2903;1.7;2.1;1.6;1.2
2904;1.5;2.0;1.5;1.0
2905;1.7;2.1;1.6;1.1
2906;1.5;2.0;1.6;1.0
2907;2.0;2.9;2.5;1.2
2908;1.5;1.5;1.6;1.3
2909;1.2;1.5;1.3;1.0
2910;1.7;2.1;1.7;1.0
2911;1.6;2.6;1.8;1.0
2912;1.6;2.5;1.8;1.0
2913;1.5;1.9;1.7;1.0
2914;1.2;2.0;1.4;1.0
2915;2.1;3.3;2.8;1.0
2916;1.8;1.9;1.9;1.0
2917;1.6;2.1;1.5;1.0
2918;1.5;1.9;1.5;1.0
2919;1.4;2.0;1.8;1.1
2920;2.0;3.1;2.4;1.2
2921;1.4;2.0;1.8;1.0
2922;1.3;2.4;1.7;1.0
2923;1.5;2.1;2.2;1.0
2924;1.5;2.4;1.8;1.0
2925;1.5;2.0;2.2;1.0
2926;1.2;2.2;1.6;1.0
2927;1.5;2.4;1.6;1.3
2928;3.7;1.8;1.6;1.0
2929;2.1;2.4;1.4;1.0
2930;1.8;1.5;1.2;1.0
2931;1.9;1.5;1.1;1.0
2932;1.7;1.4;1.0;1.0
2933;1.5;1.3;1.1;1.0
2934;2.0;2.0;1.3;1.1
2935;1.1;1.1;1.0;1.0
2936;1.1;1.2;1.1;1.1
2937;1.5;1.6;1.6;1.2
2938;1.1;1.2;1.2;1.0
2939;1.2;1.3;1.1;1.0
2940;1.1;1.3;1.1;1.1
2941;1.4;1.6;1.3;1.1
2942;1.0;1.1;1.1;1.0
2943;1.0;1.0;1.0;1.0
2944;1.1;1.1;1.0;1.0
2945;1.2;1.0;1.1;1.0
2946;2.1;1.4;1.6;1.0
2947;1.5;1.4;1.9;1.1
2948;1.7;1.3;1.7;1.2
2949;1.3;1.2;1.7;1.0
2950;1.7;1.3;2.0;1.2
2951;1.4;1.4;1.8;1.0
2952;2.5;1.3;1.8;1.1
2953;1.5;3.0;1.6;1.2
2954;2.0;1.3;1.5;1.4
2955;1.3;2.1;1.3;1.2
2956;1.4;1.5;2.1;1.0
2957;1.4;2.2;1.9;1.3
2958;1.9;1.4;1.5;1.2
2959;1.3;1.4;1.6;1.2
2960;2.1;1.2;1.7;1.2
2961;2.0;1.6;2.0;1.0
2962;1.7;1.5;1.6;1.5
2963;1.5;1.4;1.7;1.2
2964;1.7;1.5;1.8;1.0
2965;1.4;2.7;1.7;1.4
2966;1.5;1.2;1.5;1.1
2967;1.7;1.5;2.0;1.1
2968;1.3;1.5;2.3;1.0
2969;1.6;1.5;1.8;1.0
2970;1.8;1.5;2.4;1.1
2971;1.3;2.1;1.7;1.0
2972;2.6;1.2;1.8;1.1
2973;1.9;1.4;2.0;1.0
2974;2.9;1.5;2.2;1.1
2975;1.6;2.8;2.1;1.2
2976;1.4;1.2;1.4;1.1
2977;1.5;2.4;1.4;1.1
2978;1.5;2.1;1.3;1.0
2979;1.5;1.9;1.2;1.0
2980;1.4;1.9;1.3;1.1
2981;1.6;1.6;1.1;1.1
2982;1.4;1.8;1.4;1.0
2983;1.5;1.7;1.3;1.0
2984;1.2;1.7;1.4;1.0
2985;1.3;1.8;1.4;1.0
2986;1.8;2.2;1.5;1.0
2987;1.3;1.7;1.3;1.1
2988;1.3;1.7;1.5;1.0
2989;1.7;2.1;1.4;1.0
2990;1.7;1.6;1.2;1.0
2991;1.4;1.9;1.4;1.0
2992;2.4;1.9;1.3;1.0
2993;1.5;1.8;1.6;1.0
2994;1.8;1.8;1.3;1.0
2995;1.6;1.8;1.3;1.0
2996;1.4;2.1;1.5;1.0
2997;1.9;2.0;1.3;1.0
2998;1.3;1.8;1.2;1.0
2999;1.5;1.8;1.4;1.2
3000;1.5;1.5;1.4;1.1
3001;1.2;1.5;1.3;1.0
3002;1.4;1.9;1.4;1.0
3003;1.1;1.7;1.6;1.0
3004;1.2;1.5;1.3;1.0
3005;1.9;1.5;1.6;1.0
3006;1.2;1.4;1.2;1.0
3007;1.3;1.8;1.6;1.1
3008;1.2;1.5;1.3;1.0
3009;1.5;1.9;1.7;1.0
3010;1.3;1.5;1.4;1.1
3011;1.1;1.3;1.2;1.0
3012;1.2;1.8;1.3;1.0
3013;1.2;1.9;1.9;1.3
3014;1.3;1.5;1.2;1.1
3015;1.3;1.2;1.4;1.0
3016;1.2;1.3;1.5;1.0
3017;1.3;1.4;1.4;1.1
3018;1.9;1.3;1.8;1.3
3019;1.2;1.3;1.4;1.1
3020;1.3;1.1;1.2;1.1
3021;1.3;1.4;1.3;1.0
3022;1.5;1.6;1.7;1.2
3023;1.4;1.3;1.4;1.0
3024;1.2;1.4;1.8;1.2
3025;1.2;1.5;1.7;1.2
3026;1.3;1.4;1.2;1.1
3027;1.6;1.4;1.5;1.1
3028;1.5;1.6;2.1;1.1
3029;1.2;1.4;1.4;1.0
3030;1.2;1.9;2.4;1.1
3031;1.5;1.3;1.5;1.0
3032;1.6;1.5;1.3;1.3
3033;1.2;1.2;1.3;1.0
3034;1.1;1.5;1.6;1.0
3035;1.5;1.5;1.3;1.1
3036;1.1;1.3;1.4;1.1
3037;1.4;1.6;1.6;1.1
3038;1.4;1.3;1.5;1.0
3039;1.3;1.2;1.3;1.0
3040;1.3;1.6;1.7;1.0
3041;1.2;1.4;1.5;1.1
3042;1.3;1.3;1.6;1.0
3043;1.5;1.3;1.7;1.1
3044;2.0;1.5;1.7;1.3
3045;1.2;1.4;1.4;1.0
3046;1.3;1.3;1.6;1.2
3047;1.4;1.3;1.3;1.0
3048;1.3;1.4;1.6;1.0
3049;1.2;1.3;2.0;1.0
3050;1.3;1.4;1.7;1.0
3051;1.4;1.4;1.6;1.0
3052;1.3;1.8;1.5;1.0
3053;1.5;1.7;1.7;1.2
3054;1.3;1.3;1.5;1.0
3055;1.2;1.4;1.5;1.0
3056;1.3;1.9;2.2;1.2
3057;1.5;1.2;1.4;1.2
3058;1.7;2.1;1.4;1.2
3059;1.3;1.8;1.5;1.0
3060;1.4;1.7;1.5;1.3
3061;1.2;1.4;1.3;1.0
3062;2.1;1.2;1.5;1.2
3063;1.6;1.4;1.5;1.0
3064;1.2;1.4;1.3;1.0
3065;1.5;1.7;1.7;1.1
3066;1.2;1.5;1.4;1.3
3067;1.4;1.4;1.4;1.0
3068;1.6;1.7;1.5;1.1
3069;1.3;1.3;1.6;1.2
3070;1.5;1.7;1.7;1.0
3071;1.1;1.1;1.1;1.0
3072;1.1;1.0;1.2;1.1
3073;1.5;1.2;1.3;1.0
3074;1.1;1.1;1.2;1.0
3075;1.1;1.1;1.1;1.0
3076;1.2;1.0;1.1;1.0
3077;1.1;1.0;1.1;1.0
3078;1.1;1.1;1.1;1.0
3079;1.0;1.1;1.0;1.0
3080;1.2;1.1;1.1;1.0
3081;1.2;1.0;1.0;1.0
3082;1.1;1.1;1.1;1.1
3083;1.2;2.5;1.7;1.0
3084;1.6;2.8;1.6;1.0
3085;2.4;2.2;3.6;1.0
3086;1.5;3.5;1.6;1.0
3087;1.3;2.9;1.2;1.2
3088;1.9;2.8;1.9;1.0
3089;1.6;3.1;2.2;1.0
3090;1.7;2.9;2.0;1.0
3091;1.1;1.8;1.1;1.0
3092;2.5;3.2;1.5;1.0
3093;1.3;1.5;1.1;1.1
3094;1.8;2.5;1.8;1.0
3095;2.0;2.5;1.9;1.0
3096;1.1;1.5;1.2;1.0
3097;1.0;1.1;1.0;1.0
3098;1.6;1.6;2.0;1.0
3099;1.3;1.3;1.7;1.2
3100;1.2;1.3;1.6;1.0
3101;1.3;1.4;1.6;1.0
3102;1.3;1.2;1.6;1.0
3103;1.2;1.1;1.5;1.1
3104;1.7;1.5;2.0;1.2
3105;1.6;1.3;2.1;1.1
3106;1.4;2.1;1.9;1.0
3107;1.4;1.3;1.8;2.3
3108;1.5;1.5;1.9;1.0
3109;1.3;3.4;1.9;1.0
3110;1.5;1.4;1.8;1.3
3111;1.7;1.3;1.7;1.0
3112;1.3;1.9;1.7;1.0
3113;1.5;1.4;2.0;1.0
3114;1.7;1.3;2.0;1.0
3115;1.3;2.2;2.3;1.0
3116;1.2;1.4;1.5;1.0
3117;1.4;1.5;1.9;1.2
3118;1.5;1.2;2.6;1.2
3119;1.7;1.4;2.3;1.3
3120;1.2;1.4;1.6;1.2
3121;1.5;1.5;2.1;1.2
3122;1.5;1.2;1.6;1.1
3123;1.5;1.5;1.7;1.0
3124;1.2;1.2;1.4;1.2
3125;1.4;1.5;1.8;1.2
3126;1.7;1.5;2.0;1.0
3127;1.6;1.7;1.8;1.2
3128;1.6;1.8;2.2;1.0
3129;1.7;1.9;3.2;1.2
3130;1.6;1.4;1.6;1.0
3131;1.9;1.6;1.9;1.1
3132;1.5;1.5;1.9;1.0
3133;1.4;1.4;2.0;1.0
3134;1.1;1.4;2.7;1.2
3135;1.3;1.8;2.5;1.0
3136;1.3;1.8;2.9;1.3
3137;1.3;1.6;3.4;1.0
3138;1.0;1.7;2.4;1.0
3139;1.1;2.7;3.8;1.2
3140;1.2;2.5;3.0;1.0
3141;1.2;2.1;2.5;1.0
3142;1.1;2.7;3.2;1.2
3143;1.2;1.7;2.9;1.0
3144;1.1;1.5;3.1;1.1
3145;1.1;2.4;2.9;1.0
3146;1.1;3.1;3.6;1.1
3147;1.2;2.6;3.8;1.0
3148;1.2;3.0;3.9;1.1
3149;1.1;2.0;2.6;1.0
3150;1.1;2.6;3.4;1.2
3151;1.3;2.4;3.5;1.2
3152;1.1;2.3;3.0;1.1
3153;1.9;1.8;3.0;1.0
3154;1.2;2.3;2.4;1.4
3155;1.1;1.8;2.4;1.1
3156;1.3;2.2;3.4;1.1
3157;1.5;1.7;1.2;1.0
3158;1.4;1.9;1.2;1.0
3159;2.4;2.3;1.4;1.2
3160;2.3;2.0;1.3;1.1
3161;1.2;2.0;1.1;1.0
3162;2.5;1.6;1.4;1.0
3163;1.7;1.7;1.3;1.1
3164;1.8;1.5;1.1;1.0
3165;1.4;1.8;1.2;1.0
3166;2.9;2.0;1.6;1.0
3167;2.8;2.6;1.5;1.1
3168;1.7;1.7;1.2;1.0
3169;2.1;2.0;1.3;1.0
3170;1.7;1.8;1.1;1.0
3171;2.1;2.0;1.1;1.0
3172;1.4;2.0;1.1;1.0
3173;2.7;2.2;1.3;1.2
3174;2.0;2.1;1.2;1.0
3175;2.5;1.9;1.9;1.0
3176;1.9;2.1;1.1;1.0
3177;2.7;2.0;1.3;1.4
3178;2.4;1.8;1.3;1.2
3179;2.4;2.2;1.2;1.2
3180;1.9;2.2;1.3;1.0
3181;1.4;1.8;1.2;1.1
3182;1.6;2.0;1.2;1.0
3183;1.3;1.9;1.1;1.0
3184;1.5;1.8;1.5;1.0
3185;2.1;2.1;1.5;1.1
3186;3.9;1.9;1.4;1.0
3187;3.1;2.9;1.6;1.0
3188;1.8;2.3;1.0;1.0
3189;1.7;2.4;1.4;1.1
3190;2.1;2.6;1.4;1.1
3191;2.2;2.0;1.2;1.0
3192;1.9;1.7;1.3;1.0
3193;1.4;1.8;1.6;1.0
3194;1.5;1.8;1.3;1.0
3195;2.9;2.1;1.8;1.0
3196;1.3;2.1;1.2;1.0
